[
  {
    "district_id": 1,
    "name": "Chitipa",
    "region_id": 1,
    "creator": 1,
    "date_created": "01/01/2024",
    "retired": "",
    "retired_by": "",
    "date_retired": "",
    "retire_reason": ""
  },
  {
    "district_id": 2,
    "name": "Karonga",
    "region_id": 1,
    "creator": 1,
    "date_created": "01/01/2024",
    "retired": "",
    "retired_by": "",
    "date_retired": "",
    "retire_reason": ""
  },
  {
    "district_id": 3,
    "name": "Nkhata Bay",
    "region_id": 1,
    "creator": 1,
    "date_created": "01/01/2024",
    "retired": "",
    "retired_by": "",
    "date_retired": "",
    "retire_reason": ""
  },
  {
    "district_id": 4,
    "name": "Rumphi",
    "region_id": 1,
    "creator": 1,
    "date_created": "01/01/2024",
    "retired": "",
    "retired_by": "",
    "date_retired": "",
    "retire_reason": ""
  },
  {
    "district_id": 5,
    "name": "Mzimba",
    "region_id": 1,
    "creator": 1,
    "date_created": "01/01/2024",
    "retired": "",
    "retired_by": "",
    "date_retired": "",
    "retire_reason": ""
  },
  {
    "district_id": 6,
    "name": "Mzuzu City",
    "region_id": 1,
    "creator": 1,
    "date_created": "01/01/2024",
    "retired": "",
    "retired_by": "",
    "date_retired": "",
    "retire_reason": ""
  },
  {
    "district_id": 7,
    "name": "Likoma",
    "region_id": 1,
    "creator": 1,
    "date_created": "01/01/2024",
    "retired": "",
    "retired_by": "",
    "date_retired": "",
    "retire_reason": ""
  },
  {
    "district_id": 8,
    "name": "Kasungu",
    "region_id": 3,
    "creator": 1,
    "date_created": "01/01/2024",
    "retired": "",
    "retired_by": "",
    "date_retired": "",
    "retire_reason": ""
  },
  {
    "district_id": 9,
    "name": "Nkhotakota",
    "region_id": 3,
    "creator": 1,
    "date_created": "01/01/2024",
    "retired": "",
    "retired_by": "",
    "date_retired": "",
    "retire_reason": ""
  },
  {
    "district_id": 10,
    "name": "Ntchisi",
    "region_id": 3,
    "creator": 1,
    "date_created": "01/01/2024",
    "retired": "",
    "retired_by": "",
    "date_retired": "",
    "retire_reason": ""
  },
  {
    "district_id": 11,
    "name": "Dowa",
    "region_id": 3,
    "creator": 1,
    "date_created": "01/01/2024",
    "retired": "",
    "retired_by": "",
    "date_retired": "",
    "retire_reason": ""
  },
  {
    "district_id": 12,
    "name": "Salima",
    "region_id": 3,
    "creator": 1,
    "date_created": "01/01/2024",
    "retired": "",
    "retired_by": "",
    "date_retired": "",
    "retire_reason": ""
  },
  {
    "district_id": 13,
    "name": "Lilongwe",
    "region_id": 3,
    "creator": 1,
    "date_created": "01/01/2024",
    "retired": "",
    "retired_by": "",
    "date_retired": "",
    "retire_reason": ""
  },
  {
    "district_id": 14,
    "name": "Lilongwe City",
    "region_id": 3,
    "creator": 1,
    "date_created": "01/01/2024",
    "retired": "",
    "retired_by": "",
    "date_retired": "",
    "retire_reason": ""
  },
  {
    "district_id": 15,
    "name": "Mchinji",
    "region_id": 3,
    "creator": 1,
    "date_created": "01/01/2024",
    "retired": "",
    "retired_by": "",
    "date_retired": "",
    "retire_reason": ""
  },
  {
    "district_id": 16,
    "name": "Dedza",
    "region_id": 3,
    "creator": 1,
    "date_created": "01/01/2024",
    "retired": "",
    "retired_by": "",
    "date_retired": "",
    "retire_reason": ""
  },
  {
    "district_id": 17,
    "name": "Ntcheu",
    "region_id": 3,
    "creator": 1,
    "date_created": "01/01/2024",
    "retired": "",
    "retired_by": "",
    "date_retired": "",
    "retire_reason": ""
  },
  {
    "district_id": 18,
    "name": "Mangochi",
    "region_id": 2,
    "creator": 1,
    "date_created": "01/01/2024",
    "retired": "",
    "retired_by": "",
    "date_retired": "",
    "retire_reason": ""
  },
  {
    "district_id": 19,
    "name": "Machinga",
    "region_id": 2,
    "creator": 1,
    "date_created": "01/01/2024",
    "retired": "",
    "retired_by": "",
    "date_retired": "",
    "retire_reason": ""
  },
  {
    "district_id": 20,
    "name": "Zomba",
    "region_id": 2,
    "creator": 1,
    "date_created": "01/01/2024",
    "retired": "",
    "retired_by": "",
    "date_retired": "",
    "retire_reason": ""
  },
  {
    "district_id": 21,
    "name": "Zomba City",
    "region_id": 2,
    "creator": 1,
    "date_created": "01/01/2024",
    "retired": "",
    "retired_by": "",
    "date_retired": "",
    "retire_reason": ""
  },
  {
    "district_id": 22,
    "name": "Chiradzulu",
    "region_id": 2,
    "creator": 1,
    "date_created": "01/01/2024",
    "retired": "",
    "retired_by": "",
    "date_retired": "",
    "retire_reason": ""
  },
  {
    "district_id": 23,
    "name": "Blantyre",
    "region_id": 2,
    "creator": 1,
    "date_created": "01/01/2024",
    "retired": "",
    "retired_by": "",
    "date_retired": "",
    "retire_reason": ""
  },
  {
    "district_id": 24,
    "name": "Blantyre City",
    "region_id": 2,
    "creator": 1,
    "date_created": "01/01/2024",
    "retired": "",
    "retired_by": "",
    "date_retired": "",
    "retire_reason": ""
  },
  {
    "district_id": 25,
    "name": "Mwanza",
    "region_id": 2,
    "creator": 1,
    "date_created": "01/01/2024",
    "retired": "",
    "retired_by": "",
    "date_retired": "",
    "retire_reason": ""
  },
  {
    "district_id": 26,
    "name": "Thyolo",
    "region_id": 2,
    "creator": 1,
    "date_created": "01/01/2024",
    "retired": "",
    "retired_by": "",
    "date_retired": "",
    "retire_reason": ""
  },
  {
    "district_id": 27,
    "name": "Mulanje",
    "region_id": 2,
    "creator": 1,
    "date_created": "01/01/2024",
    "retired": "",
    "retired_by": "",
    "date_retired": "",
    "retire_reason": ""
  },
  {
    "district_id": 28,
    "name": "Phalombe",
    "region_id": 2,
    "creator": 1,
    "date_created": "01/01/2024",
    "retired": "",
    "retired_by": "",
    "date_retired": "",
    "retire_reason": ""
  },
  {
    "district_id": 29,
    "name": "Chikwawa",
    "region_id": 2,
    "creator": 1,
    "date_created": "01/01/2024",
    "retired": "",
    "retired_by": "",
    "date_retired": "",
    "retire_reason": ""
  },
  {
    "district_id": 30,
    "name": "Nsanje",
    "region_id": 2,
    "creator": 1,
    "date_created": "01/01/2024",
    "retired": "",
    "retired_by": "",
    "date_retired": "",
    "retire_reason": ""
  },
  {
    "district_id": 31,
    "name": "Balaka",
    "region_id": 2,
    "creator": 1,
    "date_created": "01/01/2024",
    "retired": "",
    "retired_by": "",
    "date_retired": "",
    "retire_reason": ""
  },
  {
    "district_id": 32,
    "name": "Neno",
    "region_id": 2,
    "creator": 1,
    "date_created": "01/01/2024",
    "retired": "", 
    "retired_by": "",
    "date_retired": "",
    "retire_reason": ""
  }
]