[
  {
    "traditional_authority_id": 1,
    "name": "TA Mwabulambya",
    "district_id": 1,
    "creator": 1,
    "date_created": "01/01/2024",
    "retired": "",
    "retired_by": "",
    "date_retired": "",
    "retire_reason": ""
  },
  {
    "traditional_authority_id": 2,
    "name": "TA Mwenemisuku",
    "district_id": 1,
    "creator": 1,
    "date_created": "01/01/2024",
    "retired": "",
    "retired_by": "",
    "date_retired": "",
    "retire_reason": ""
  },
  {
    "traditional_authority_id": 3,
    "name": "TA Mwenewenya",
    "district_id": 1,
    "creator": 1,
    "date_created": "01/01/2024",
    "retired": "",
    "retired_by": "",
    "date_retired": "",
    "retire_reason": ""
  },
  {
    "traditional_authority_id": 4,
    "name": "TA Nthalire",
    "district_id": 1,
    "creator": 1,
    "date_created": "01/01/2024",
    "retired": "",
    "retired_by": "",
    "date_retired": "",
    "retire_reason": ""
  },
  {
    "traditional_authority_id": 5,
    "name": "TA Kameme",
    "district_id": 1,
    "creator": 1,
    "date_created": "01/01/2024",
    "retired": "",
    "retired_by": "",
    "date_retired": "",
    "retire_reason": ""
  },
  {
    "traditional_authority_id": 6,
    "name": "Nyika National Park",
    "district_id": 1,
    "creator": 1,
    "date_created": "01/01/2024",
    "retired": "",
    "retired_by": "",
    "date_retired": "",
    "retire_reason": ""
  },
  {
    "traditional_authority_id": 7,
    "name": "Chitipa Boma",
    "district_id": 1,
    "creator": 1,
    "date_created": "01/01/2024",
    "retired": "",
    "retired_by": "",
    "date_retired": "",
    "retire_reason": ""
  },
  {
    "traditional_authority_id": 8,
    "name": "TA Kilupula",
    "district_id": 2,
    "creator": 1,
    "date_created": "01/01/2024",
    "retired": "",
    "retired_by": "",
    "date_retired": "",
    "retire_reason": ""
  },
  {
    "traditional_authority_id": 9,
    "name": "SC Mwakaboko",
    "district_id": 2,
    "creator": 1,
    "date_created": "01/01/2024",
    "retired": "",
    "retired_by": "",
    "date_retired": "",
    "retire_reason": ""
  },
  {
    "traditional_authority_id": 10,
    "name": "TA Kyungu",
    "district_id": 2,
    "creator": 1,
    "date_created": "01/01/2024",
    "retired": "",
    "retired_by": "",
    "date_retired": "",
    "retire_reason": ""
  },
  {
    "traditional_authority_id": 11,
    "name": "TA Wasambo",
    "district_id": 2,
    "creator": 1,
    "date_created": "01/01/2024",
    "retired": "",
    "retired_by": "",
    "date_retired": "",
    "retire_reason": ""
  },
  {
    "traditional_authority_id": 12,
    "name": "SC Mwirangombe",
    "district_id": 2,
    "creator": 1,
    "date_created": "01/01/2024",
    "retired": "",
    "retired_by": "",
    "date_retired": "",
    "retire_reason": ""
  },
  {
    "traditional_authority_id": 13,
    "name": "Nyika National Park",
    "district_id": 2,
    "creator": 1,
    "date_created": "01/01/2024",
    "retired": "",
    "retired_by": "",
    "date_retired": "",
    "retire_reason": ""
  },
  {
    "traditional_authority_id": 14,
    "name": "Karonga Town",
    "district_id": 2,
    "creator": 1,
    "date_created": "01/01/2024",
    "retired": "",
    "retired_by": "",
    "date_retired": "",
    "retire_reason": ""
  },
  {
    "traditional_authority_id": 15,
    "name": "TA Kabunduli",
    "district_id": 3,
    "creator": 1,
    "date_created": "01/01/2024",
    "retired": "",
    "retired_by": "",
    "date_retired": "",
    "retire_reason": ""
  },
  {
    "traditional_authority_id": 16,
    "name": "TA Fukamapiri",
    "district_id": 3,
    "creator": 1,
    "date_created": "01/01/2024",
    "retired": "",
    "retired_by": "",
    "date_retired": "",
    "retire_reason": ""
  },
  {
    "traditional_authority_id": 17,
    "name": "TA Malenga Mzoma",
    "district_id": 3,
    "creator": 1,
    "date_created": "01/01/2024",
    "retired": "",
    "retired_by": "",
    "date_retired": "",
    "retire_reason": ""
  },
  {
    "traditional_authority_id": 18,
    "name": "SC Malanda",
    "district_id": 3,
    "creator": 1,
    "date_created": "01/01/2024",
    "retired": "",
    "retired_by": "",
    "date_retired": "",
    "retire_reason": ""
  },
  {
    "traditional_authority_id": 19,
    "name": "SC Zilakoma",
    "district_id": 3,
    "creator": 1,
    "date_created": "01/01/2024",
    "retired": "",
    "retired_by": "",
    "date_retired": "",
    "retire_reason": ""
  },
  {
    "traditional_authority_id": 20,
    "name": "TA Mankhambira",
    "district_id": 3,
    "creator": 1,
    "date_created": "01/01/2024",
    "retired": "",
    "retired_by": "",
    "date_retired": "",
    "retire_reason": ""
  },
  {
    "traditional_authority_id": 21,
    "name": "TA Musisya",
    "district_id": 3,
    "creator": 1,
    "date_created": "01/01/2024",
    "retired": "",
    "retired_by": "",
    "date_retired": "",
    "retire_reason": ""
  },
  {
    "traditional_authority_id": 22,
    "name": "SC Fukamalaza",
    "district_id": 3,
    "creator": 1,
    "date_created": "01/01/2024",
    "retired": "",
    "retired_by": "",
    "date_retired": "",
    "retire_reason": ""
  },
  {
    "traditional_authority_id": 23,
    "name": "SC Mkumbira",
    "district_id": 3,
    "creator": 1,
    "date_created": "01/01/2024",
    "retired": "",
    "retired_by": "",
    "date_retired": "",
    "retire_reason": ""
  },
  {
    "traditional_authority_id": 24,
    "name": "SC Nyaluwanga",
    "district_id": 3,
    "creator": 1,
    "date_created": "01/01/2024",
    "retired": "",
    "retired_by": "",
    "date_retired": "",
    "retire_reason": ""
  },
  {
    "traditional_authority_id": 25,
    "name": "SC Mkondowe",
    "district_id": 3,
    "creator": 1,
    "date_created": "01/01/2024",
    "retired": "",
    "retired_by": "",
    "date_retired": "",
    "retire_reason": ""
  },
  {
    "traditional_authority_id": 26,
    "name": "TA Timbiri",
    "district_id": 3,
    "creator": 1,
    "date_created": "01/01/2024",
    "retired": "",
    "retired_by": "",
    "date_retired": "",
    "retire_reason": ""
  },
  {
    "traditional_authority_id": 27,
    "name": "TA Boghoyo",
    "district_id": 3,
    "creator": 1,
    "date_created": "01/01/2024",
    "retired": "",
    "retired_by": "",
    "date_retired": "",
    "retire_reason": ""
  },
  {
    "traditional_authority_id": 28,
    "name": "Nkhata Bay Boma",
    "district_id": 3,
    "creator": 1,
    "date_created": "01/01/2024",
    "retired": "",
    "retired_by": "",
    "date_retired": "",
    "retire_reason": ""
  },
  {
    "traditional_authority_id": 29,
    "name": "TA Chikulamayembe",
    "district_id": 4,
    "creator": 1,
    "date_created": "01/01/2024",
    "retired": "",
    "retired_by": "",
    "date_retired": "",
    "retire_reason": ""
  },
  {
    "traditional_authority_id": 30,
    "name": "SC Mwahenga",
    "district_id": 4,
    "creator": 1,
    "date_created": "01/01/2024",
    "retired": "",
    "retired_by": "",
    "date_retired": "",
    "retire_reason": ""
  },
  {
    "traditional_authority_id": 31,
    "name": "TA Mwamlowe",
    "district_id": 4,
    "creator": 1,
    "date_created": "01/01/2024",
    "retired": "",
    "retired_by": "",
    "date_retired": "",
    "retire_reason": ""
  },
  {
    "traditional_authority_id": 32,
    "name": "SC Mwalweni",
    "district_id": 4,
    "creator": 1,
    "date_created": "01/01/2024",
    "retired": "",
    "retired_by": "",
    "date_retired": "",
    "retire_reason": ""
  },
  {
    "traditional_authority_id": 33,
    "name": "SC Kachulu",
    "district_id": 4,
    "creator": 1,
    "date_created": "01/01/2024",
    "retired": "",
    "retired_by": "",
    "date_retired": "",
    "retire_reason": ""
  },
  {
    "traditional_authority_id": 34,
    "name": "SC Chapinduka",
    "district_id": 4,
    "creator": 1,
    "date_created": "01/01/2024",
    "retired": "",
    "retired_by": "",
    "date_retired": "",
    "retire_reason": ""
  },
  {
    "traditional_authority_id": 35,
    "name": "SC Mwankhunikira",
    "district_id": 4,
    "creator": 1,
    "date_created": "01/01/2024",
    "retired": "",
    "retired_by": "",
    "date_retired": "",
    "retire_reason": ""
  },
  {
    "traditional_authority_id": 36,
    "name": "TA Katumbi",
    "district_id": 4,
    "creator": 1,
    "date_created": "01/01/2024",
    "retired": "",
    "retired_by": "",
    "date_retired": "",
    "retire_reason": ""
  },
  {
    "traditional_authority_id": 37,
    "name": "TA Zolokere",
    "district_id": 4,
    "creator": 1,
    "date_created": "01/01/2024",
    "retired": "",
    "retired_by": "",
    "date_retired": "",
    "retire_reason": ""
  },
  {
    "traditional_authority_id": 38,
    "name": "Nyika National Park",
    "district_id": 4,
    "creator": 1,
    "date_created": "01/01/2024",
    "retired": "",
    "retired_by": "",
    "date_retired": "",
    "retire_reason": ""
  },
  {
    "traditional_authority_id": 39,
    "name": "Vwaza Marsh Reserve",
    "district_id": 4,
    "creator": 1,
    "date_created": "01/01/2024",
    "retired": "",
    "retired_by": "",
    "date_retired": "",
    "retire_reason": ""
  },
  {
    "traditional_authority_id": 40,
    "name": "Rumphi Boma",
    "district_id": 4,
    "creator": 1,
    "date_created": "01/01/2024",
    "retired": "",
    "retired_by": "",
    "date_retired": "",
    "retire_reason": ""
  },
  {
    "traditional_authority_id": 41,
    "name": "TA MMbelwa",
    "district_id": 5,
    "creator": 1,
    "date_created": "01/01/2024",
    "retired": "",
    "retired_by": "",
    "date_retired": "",
    "retire_reason": ""
  },
  {
    "traditional_authority_id": 42,
    "name": "TA Mtwalo",
    "district_id": 5,
    "creator": 1,
    "date_created": "01/01/2024",
    "retired": "",
    "retired_by": "",
    "date_retired": "",
    "retire_reason": ""
  },
  {
    "traditional_authority_id": 43,
    "name": "SC Kampingo Sibande",
    "district_id": 5,
    "creator": 1,
    "date_created": "01/01/2024",
    "retired": "",
    "retired_by": "",
    "date_retired": "",
    "retire_reason": ""
  },
  {
    "traditional_authority_id": 44,
    "name": "SC Jaravikuba Munthali",
    "district_id": 5,
    "creator": 1,
    "date_created": "01/01/2024",
    "retired": "",
    "retired_by": "",
    "date_retired": "",
    "retire_reason": ""
  },
  {
    "traditional_authority_id": 45,
    "name": "TA Chindi",
    "district_id": 5,
    "creator": 1,
    "date_created": "01/01/2024",
    "retired": "",
    "retired_by": "",
    "date_retired": "",
    "retire_reason": ""
  },
  {
    "traditional_authority_id": 46,
    "name": "TA Mzikubola",
    "district_id": 5,
    "creator": 1,
    "date_created": "01/01/2024",
    "retired": "",
    "retired_by": "",
    "date_retired": "",
    "retire_reason": ""
  },
  {
    "traditional_authority_id": 47,
    "name": "TA Mabulabo",
    "district_id": 5,
    "creator": 1,
    "date_created": "01/01/2024",
    "retired": "",
    "retired_by": "",
    "date_retired": "",
    "retire_reason": ""
  },
  {
    "traditional_authority_id": 48,
    "name": "TA Mzukuzuku",
    "district_id": 5,
    "creator": 1,
    "date_created": "01/01/2024",
    "retired": "",
    "retired_by": "",
    "date_retired": "",
    "retire_reason": ""
  },
  {
    "traditional_authority_id": 49,
    "name": "Lupaso Ward",
    "district_id": 6,
    "creator": 1,
    "date_created": "01/01/2024",
    "retired": "",
    "retired_by": "",
    "date_retired": "",
    "retire_reason": ""
  },
  {
    "traditional_authority_id": 50,
    "name": "SC Khosolo Gwaza Jere",
    "district_id": 5,
    "creator": 1,
    "date_created": "01/01/2024",
    "retired": "",
    "retired_by": "",
    "date_retired": "",
    "retire_reason": ""
  },
  {
    "traditional_authority_id": 51,
    "name": "TA Mpherembe",
    "district_id": 5,
    "creator": 1,
    "date_created": "01/01/2024",
    "retired": "",
    "retired_by": "",
    "date_retired": "",
    "retire_reason": ""
  },
  {
    "traditional_authority_id": 52,
    "name": "Vwaza Marsh Reserve",
    "district_id": 5,
    "creator": 1,
    "date_created": "01/01/2024",
    "retired": "",
    "retired_by": "",
    "date_retired": "",
    "retire_reason": ""
  },
  {
    "traditional_authority_id": 53,
    "name": "Mzimba Boma",
    "district_id": 5,
    "creator": 1,
    "date_created": "01/01/2024",
    "retired": "",
    "retired_by": "",
    "date_retired": "",
    "retire_reason": ""
  },
  {
    "traditional_authority_id": 54,
    "name": "Nkhorongo Ward",
    "district_id": 6,
    "creator": 1,
    "date_created": "01/01/2024",
    "retired": "",
    "retired_by": "",
    "date_retired": "",
    "retire_reason": ""
  },
  {
    "traditional_authority_id": 55,
    "name": "Zolozolo Ward",
    "district_id": 6,
    "creator": 1,
    "date_created": "01/01/2024",
    "retired": "",
    "retired_by": "",
    "date_retired": "",
    "retire_reason": ""
  },
  {
    "traditional_authority_id": 56,
    "name": "Chiputula Ward",
    "district_id": 6,
    "creator": 1,
    "date_created": "01/01/2024",
    "retired": "",
    "retired_by": "",
    "date_retired": "",
    "retire_reason": ""
  },
  {
    "traditional_authority_id": 57,
    "name": "Chibanja Ward",
    "district_id": 6,
    "creator": 1,
    "date_created": "01/01/2024",
    "retired": "",
    "retired_by": "",
    "date_retired": "",
    "retire_reason": ""
  },
  {
    "traditional_authority_id": 58,
    "name": "Mchengautuwa Ward",
    "district_id": 6,
    "creator": 1,
    "date_created": "01/01/2024",
    "retired": "",
    "retired_by": "",
    "date_retired": "",
    "retire_reason": ""
  },
  {
    "traditional_authority_id": 59,
    "name": "Katoto Ward",
    "district_id": 6,
    "creator": 1,
    "date_created": "01/01/2024",
    "retired": "",
    "retired_by": "",
    "date_retired": "",
    "retire_reason": ""
  },
  {
    "traditional_authority_id": 60,
    "name": "Jombo Ward",
    "district_id": 6,
    "creator": 1,
    "date_created": "01/01/2024",
    "retired": "",
    "retired_by": "",
    "date_retired": "",
    "retire_reason": ""
  },
  {
    "traditional_authority_id": 61,
    "name": "Muzilawayingwe Ward",
    "district_id": 6,
    "creator": 1,
    "date_created": "01/01/2024",
    "retired": "",
    "retired_by": "",
    "date_retired": "",
    "retire_reason": ""
  },
  {
    "traditional_authority_id": 62,
    "name": "Chasefu Ward",
    "district_id": 6,
    "creator": 1,
    "date_created": "01/01/2024",
    "retired": "",
    "retired_by": "",
    "date_retired": "",
    "retire_reason": ""
  },
  {
    "traditional_authority_id": 63,
    "name": "Katawa Ward",
    "district_id": 6,
    "creator": 1,
    "date_created": "01/01/2024",
    "retired": "",
    "retired_by": "",
    "date_retired": "",
    "retire_reason": ""
  },
  {
    "traditional_authority_id": 64,
    "name": "Masasa Ward",
    "district_id": 6,
    "creator": 1,
    "date_created": "01/01/2024",
    "retired": "",
    "retired_by": "",
    "date_retired": "",
    "retire_reason": ""
  },
  {
    "traditional_authority_id": 65,
    "name": "Kaningina Ward",
    "district_id": 6,
    "creator": 1,
    "date_created": "01/01/2024",
    "retired": "",
    "retired_by": "",
    "date_retired": "",
    "retire_reason": ""
  },
  {
    "traditional_authority_id": 66,
    "name": "Viphya Ward",
    "district_id": 6,
    "creator": 1,
    "date_created": "01/01/2024",
    "retired": "",
    "retired_by": "",
    "date_retired": "",
    "retire_reason": ""
  },
  {
    "traditional_authority_id": 67,
    "name": "Msongwe Ward",
    "district_id": 6,
    "creator": 1,
    "date_created": "01/01/2024",
    "retired": "",
    "retired_by": "",
    "date_retired": "",
    "retire_reason": ""
  },
  {
    "traditional_authority_id": 68,
    "name": "New Airport Site",
    "district_id": 6,
    "creator": 1,
    "date_created": "01/01/2024",
    "retired": "",
    "retired_by": "",
    "date_retired": "",
    "retire_reason": ""
  },
  {
    "traditional_authority_id": 69,
    "name": "TA Mkumpha",
    "district_id": 7,
    "creator": 1,
    "date_created": "01/01/2024",
    "retired": "",
    "retired_by": "",
    "date_retired": "",
    "retire_reason": ""
  },
  {
    "traditional_authority_id": 70,
    "name": "TA Kaluluma",
    "district_id": 8,
    "creator": 1,
    "date_created": "01/01/2024",
    "retired": "",
    "retired_by": "",
    "date_retired": "",
    "retire_reason": ""
  },
  {
    "traditional_authority_id": 71,
    "name": "SC Simlemba",
    "district_id": 8,
    "creator": 1,
    "date_created": "01/01/2024",
    "retired": "",
    "retired_by": "",
    "date_retired": "",
    "retire_reason": ""
  },
  {
    "traditional_authority_id": 72,
    "name": "SC Mnyanja",
    "district_id": 8,
    "creator": 1,
    "date_created": "01/01/2024",
    "retired": "",
    "retired_by": "",
    "date_retired": "",
    "retire_reason": ""
  },
  {
    "traditional_authority_id": 73,
    "name": "SC Chisikwa",
    "district_id": 8,
    "creator": 1,
    "date_created": "01/01/2024",
    "retired": "",
    "retired_by": "",
    "date_retired": "",
    "retire_reason": ""
  },
  {
    "traditional_authority_id": 74,
    "name": "TA Kaomba",
    "district_id": 8,
    "creator": 1,
    "date_created": "01/01/2024",
    "retired": "",
    "retired_by": "",
    "date_retired": "",
    "retire_reason": ""
  },
  {
    "traditional_authority_id": 75,
    "name": "SC Lukwa",
    "district_id": 8,
    "creator": 1,
    "date_created": "01/01/2024",
    "retired": "",
    "retired_by": "",
    "date_retired": "",
    "retire_reason": ""
  },
  {
    "traditional_authority_id": 76,
    "name": "SC Kawamba",
    "district_id": 8,
    "creator": 1,
    "date_created": "01/01/2024",
    "retired": "",
    "retired_by": "",
    "date_retired": "",
    "retire_reason": ""
  },
  {
    "traditional_authority_id": 77,
    "name": "SC Njombwa",
    "district_id": 8,
    "creator": 1,
    "date_created": "01/01/2024",
    "retired": "",
    "retired_by": "",
    "date_retired": "",
    "retire_reason": ""
  },
  {
    "traditional_authority_id": 78,
    "name": "SC Chilowamatambe",
    "district_id": 8,
    "creator": 1,
    "date_created": "01/01/2024",
    "retired": "",
    "retired_by": "",
    "date_retired": "",
    "retire_reason": ""
  },
  {
    "traditional_authority_id": 79,
    "name": "TA Chulu",
    "district_id": 8,
    "creator": 1,
    "date_created": "01/01/2024",
    "retired": "",
    "retired_by": "",
    "date_retired": "",
    "retire_reason": ""
  },
  {
    "traditional_authority_id": 80,
    "name": "TA Santhe",
    "district_id": 8,
    "creator": 1,
    "date_created": "01/01/2024",
    "retired": "",
    "retired_by": "",
    "date_retired": "",
    "retire_reason": ""
  },
  {
    "traditional_authority_id": 81,
    "name": "TA Wimbe",
    "district_id": 8,
    "creator": 1,
    "date_created": "01/01/2024",
    "retired": "",
    "retired_by": "",
    "date_retired": "",
    "retire_reason": ""
  },
  {
    "traditional_authority_id": 82,
    "name": "TA Kapelula",
    "district_id": 8,
    "creator": 1,
    "date_created": "01/01/2024",
    "retired": "",
    "retired_by": "",
    "date_retired": "",
    "retire_reason": ""
  },
  {
    "traditional_authority_id": 83,
    "name": "TA Mwase",
    "district_id": 8,
    "creator": 1,
    "date_created": "01/01/2024",
    "retired": "",
    "retired_by": "",
    "date_retired": "",
    "retire_reason": ""
  },
  {
    "traditional_authority_id": 84,
    "name": "Kasungu National Park",
    "district_id": 8,
    "creator": 1,
    "date_created": "01/01/2024",
    "retired": "",
    "retired_by": "",
    "date_retired": "",
    "retire_reason": ""
  },
  {
    "traditional_authority_id": 85,
    "name": "Kasungu Boma",
    "district_id": 8,
    "creator": 1,
    "date_created": "01/01/2024",
    "retired": "",
    "retired_by": "",
    "date_retired": "",
    "retire_reason": ""
  },
  {
    "traditional_authority_id": 86,
    "name": "TA Kanyenda",
    "district_id": 9,
    "creator": 1,
    "date_created": "01/01/2024",
    "retired": "",
    "retired_by": "",
    "date_retired": "",
    "retire_reason": ""
  },
  {
    "traditional_authority_id": 87,
    "name": "SC Kafuzila",
    "district_id": 9,
    "creator": 1,
    "date_created": "01/01/2024",
    "retired": "",
    "retired_by": "",
    "date_retired": "",
    "retire_reason": ""
  },
  {
    "traditional_authority_id": 88,
    "name": "TA Malenga Chanzi",
    "district_id": 9,
    "creator": 1,
    "date_created": "01/01/2024",
    "retired": "",
    "retired_by": "",
    "date_retired": "",
    "retire_reason": ""
  },
  {
    "traditional_authority_id": 89,
    "name": "Nkhotakota Game Reserve",
    "district_id": 9,
    "creator": 1,
    "date_created": "01/01/2024",
    "retired": "",
    "retired_by": "",
    "date_retired": "",
    "retire_reason": ""
  },
  {
    "traditional_authority_id": 90,
    "name": "SC Mphonde",
    "district_id": 9,
    "creator": 1,
    "date_created": "01/01/2024",
    "retired": "",
    "retired_by": "",
    "date_retired": "",
    "retire_reason": ""
  },
  {
    "traditional_authority_id": 91,
    "name": "TA Mwadzama",
    "district_id": 9,
    "creator": 1,
    "date_created": "01/01/2024",
    "retired": "",
    "retired_by": "",
    "date_retired": "",
    "retire_reason": ""
  },
  {
    "traditional_authority_id": 92,
    "name": "SC Mwansambo",
    "district_id": 9,
    "creator": 1,
    "date_created": "01/01/2024",
    "retired": "",
    "retired_by": "",
    "date_retired": "",
    "retire_reason": ""
  },
  {
    "traditional_authority_id": 93,
    "name": "Nkhotakota Boma",
    "district_id": 9,
    "creator": 1,
    "date_created": "01/01/2024",
    "retired": "",
    "retired_by": "",
    "date_retired": "",
    "retire_reason": ""
  },
  {
    "traditional_authority_id": 94,
    "name": "TA Kasakula",
    "district_id": 10,
    "creator": 1,
    "date_created": "01/01/2024",
    "retired": "",
    "retired_by": "",
    "date_retired": "",
    "retire_reason": ""
  },
  {
    "traditional_authority_id": 95,
    "name": "TA Chikho",
    "district_id": 10,
    "creator": 1,
    "date_created": "01/01/2024",
    "retired": "",
    "retired_by": "",
    "date_retired": "",
    "retire_reason": ""
  },
  {
    "traditional_authority_id": 96,
    "name": "TA Kalumo",
    "district_id": 10,
    "creator": 1,
    "date_created": "01/01/2024",
    "retired": "",
    "retired_by": "",
    "date_retired": "",
    "retire_reason": ""
  },
  {
    "traditional_authority_id": 97,
    "name": "SC Nthondo",
    "district_id": 10,
    "creator": 1,
    "date_created": "01/01/2024",
    "retired": "",
    "retired_by": "",
    "date_retired": "",
    "retire_reason": ""
  },
  {
    "traditional_authority_id": 98,
    "name": "SC Chilooko",
    "district_id": 10,
    "creator": 1,
    "date_created": "01/01/2024",
    "retired": "",
    "retired_by": "",
    "date_retired": "",
    "retire_reason": ""
  },
  {
    "traditional_authority_id": 99,
    "name": "Ntchisi Boma",
    "district_id": 10,
    "creator": 1,
    "date_created": "01/01/2024",
    "retired": "",
    "retired_by": "",
    "date_retired": "",
    "retire_reason": ""
  },
  {
    "traditional_authority_id": 100,
    "name": "TA Dzoole",
    "district_id": 11,
    "creator": 1,
    "date_created": "01/01/2024",
    "retired": "",
    "retired_by": "",
    "date_retired": "",
    "retire_reason": ""
  },
  {
    "traditional_authority_id": 101,
    "name": "SC Chakhaza",
    "district_id": 11,
    "creator": 1,
    "date_created": "01/01/2024",
    "retired": "",
    "retired_by": "",
    "date_retired": "",
    "retire_reason": ""
  },
  {
    "traditional_authority_id": 102,
    "name": "SC Kayembe",
    "district_id": 11,
    "creator": 1,
    "date_created": "01/01/2024",
    "retired": "",
    "retired_by": "",
    "date_retired": "",
    "retire_reason": ""
  },
  {
    "traditional_authority_id": 103,
    "name": "TA Chiwere",
    "district_id": 11,
    "creator": 1,
    "date_created": "01/01/2024",
    "retired": "",
    "retired_by": "",
    "date_retired": "",
    "retire_reason": ""
  },
  {
    "traditional_authority_id": 104,
    "name": "SC Mkukula",
    "district_id": 11,
    "creator": 1,
    "date_created": "01/01/2024",
    "retired": "",
    "retired_by": "",
    "date_retired": "",
    "retire_reason": ""
  },
  {
    "traditional_authority_id": 105,
    "name": "TA Msakambewa",
    "district_id": 11,
    "creator": 1,
    "date_created": "01/01/2024",
    "retired": "",
    "retired_by": "",
    "date_retired": "",
    "retire_reason": ""
  },
  {
    "traditional_authority_id": 106,
    "name": "SC Mponela",
    "district_id": 11,
    "creator": 1,
    "date_created": "01/01/2024",
    "retired": "",
    "retired_by": "",
    "date_retired": "",
    "retire_reason": ""
  },
  {
    "traditional_authority_id": 107,
    "name": "Dowa Boma",
    "district_id": 11,
    "creator": 1,
    "date_created": "01/01/2024",
    "retired": "",
    "retired_by": "",
    "date_retired": "",
    "retire_reason": ""
  },
  {
    "traditional_authority_id": 108,
    "name": "Mponela Urban",
    "district_id": 11,
    "creator": 1,
    "date_created": "01/01/2024",
    "retired": "",
    "retired_by": "",
    "date_retired": "",
    "retire_reason": ""
  },
  {
    "traditional_authority_id": 109,
    "name": "TA Maganga",
    "district_id": 12,
    "creator": 1,
    "date_created": "01/01/2024",
    "retired": "",
    "retired_by": "",
    "date_retired": "",
    "retire_reason": ""
  },
  {
    "traditional_authority_id": 110,
    "name": "TA Karonga",
    "district_id": 12,
    "creator": 1,
    "date_created": "01/01/2024",
    "retired": "",
    "retired_by": "",
    "date_retired": "",
    "retire_reason": ""
  },
  {
    "traditional_authority_id": 111,
    "name": "TA Pemba",
    "district_id": 12,
    "creator": 1,
    "date_created": "01/01/2024",
    "retired": "",
    "retired_by": "",
    "date_retired": "",
    "retire_reason": ""
  },
  {
    "traditional_authority_id": 112,
    "name": "SC Kambwiri",
    "district_id": 12,
    "creator": 1,
    "date_created": "01/01/2024",
    "retired": "",
    "retired_by": "",
    "date_retired": "",
    "retire_reason": ""
  },
  {
    "traditional_authority_id": 113,
    "name": "TA Ndindi",
    "district_id": 12,
    "creator": 1,
    "date_created": "01/01/2024",
    "retired": "",
    "retired_by": "",
    "date_retired": "",
    "retire_reason": ""
  },
  {
    "traditional_authority_id": 114,
    "name": "SC Kambalame",
    "district_id": 12,
    "creator": 1,
    "date_created": "01/01/2024",
    "retired": "",
    "retired_by": "",
    "date_retired": "",
    "retire_reason": ""
  },
  {
    "traditional_authority_id": 115,
    "name": "TA Khombedza",
    "district_id": 12,
    "creator": 1,
    "date_created": "01/01/2024",
    "retired": "",
    "retired_by": "",
    "date_retired": "",
    "retire_reason": ""
  },
  {
    "traditional_authority_id": 116,
    "name": "SC Mwanza",
    "district_id": 12,
    "creator": 1,
    "date_created": "01/01/2024",
    "retired": "",
    "retired_by": "",
    "date_retired": "",
    "retire_reason": ""
  },
  {
    "traditional_authority_id": 117,
    "name": "TA Kuluunda",
    "district_id": 12,
    "creator": 1,
    "date_created": "01/01/2024",
    "retired": "",
    "retired_by": "",
    "date_retired": "",
    "retire_reason": ""
  },
  {
    "traditional_authority_id": 118,
    "name": "SC Msosa",
    "district_id": 12,
    "creator": 1,
    "date_created": "01/01/2024",
    "retired": "",
    "retired_by": "",
    "date_retired": "",
    "retire_reason": ""
  },
  {
    "traditional_authority_id": 119,
    "name": "Lake Malawi Natl. Park",
    "district_id": 12,
    "creator": 1,
    "date_created": "01/01/2024",
    "retired": "",
    "retired_by": "",
    "date_retired": "",
    "retire_reason": ""
  },
  {
    "traditional_authority_id": 120,
    "name": "Salima Town",
    "district_id": 12,
    "creator": 1,
    "date_created": "01/01/2024",
    "retired": "",
    "retired_by": "",
    "date_retired": "",
    "retire_reason": ""
  },
  {
    "traditional_authority_id": 121,
    "name": "Chipoka Urban",
    "district_id": 12,
    "creator": 1,
    "date_created": "01/01/2024",
    "retired": "",
    "retired_by": "",
    "date_retired": "",
    "retire_reason": ""
  },
  {
    "traditional_authority_id": 122,
    "name": "TA Chadza",
    "district_id": 13,
    "creator": 1,
    "date_created": "01/01/2024",
    "retired": "",
    "retired_by": "",
    "date_retired": "",
    "retire_reason": ""
  },
  {
    "traditional_authority_id": 123,
    "name": "TA Kalolo",
    "district_id": 13,
    "creator": 1,
    "date_created": "01/01/2024",
    "retired": "",
    "retired_by": "",
    "date_retired": "",
    "retire_reason": ""
  },
  {
    "traditional_authority_id": 124,
    "name": "TA Chiseka",
    "district_id": 13,
    "creator": 1,
    "date_created": "01/01/2024",
    "retired": "",
    "retired_by": "",
    "date_retired": "",
    "retire_reason": ""
  },
  {
    "traditional_authority_id": 125,
    "name": "TA Mazengera",
    "district_id": 13,
    "creator": 1,
    "date_created": "01/01/2024",
    "retired": "",
    "retired_by": "",
    "date_retired": "",
    "retire_reason": ""
  },
  {
    "traditional_authority_id": 126,
    "name": "SC Chitekwele",
    "district_id": 13,
    "creator": 1,
    "date_created": "01/01/2024",
    "retired": "",
    "retired_by": "",
    "date_retired": "",
    "retire_reason": ""
  },
  {
    "traditional_authority_id": 127,
    "name": "TA Khongoni",
    "district_id": 13,
    "creator": 1,
    "date_created": "01/01/2024",
    "retired": "",
    "retired_by": "",
    "date_retired": "",
    "retire_reason": ""
  },
  {
    "traditional_authority_id": 128,
    "name": "TA Chimutu",
    "district_id": 13,
    "creator": 1,
    "date_created": "01/01/2024",
    "retired": "",
    "retired_by": "",
    "date_retired": "",
    "retire_reason": ""
  },
  {
    "traditional_authority_id": 129,
    "name": "TA Chitukula",
    "district_id": 13,
    "creator": 1,
    "date_created": "01/01/2024",
    "retired": "",
    "retired_by": "",
    "date_retired": "",
    "retire_reason": ""
  },
  {
    "traditional_authority_id": 130,
    "name": "SC Mtema",
    "district_id": 13,
    "creator": 1,
    "date_created": "01/01/2024",
    "retired": "",
    "retired_by": "",
    "date_retired": "",
    "retire_reason": ""
  },
  {
    "traditional_authority_id": 131,
    "name": "TA Kalumbu",
    "district_id": 13,
    "creator": 1,
    "date_created": "01/01/2024",
    "retired": "",
    "retired_by": "",
    "date_retired": "",
    "retire_reason": ""
  },
  {
    "traditional_authority_id": 132,
    "name": "SC Tsabango",
    "district_id": 13,
    "creator": 1,
    "date_created": "01/01/2024",
    "retired": "",
    "retired_by": "",
    "date_retired": "",
    "retire_reason": ""
  },
  {
    "traditional_authority_id": 133,
    "name": "TA Kalumba",
    "district_id": 13,
    "creator": 1,
    "date_created": "01/01/2024",
    "retired": "",
    "retired_by": "",
    "date_retired": "",
    "retire_reason": ""
  },
  {
    "traditional_authority_id": 134,
    "name": "SC Njewa",
    "district_id": 13,
    "creator": 1,
    "date_created": "01/01/2024",
    "retired": "",
    "retired_by": "",
    "date_retired": "",
    "retire_reason": ""
  },
  {
    "traditional_authority_id": 135,
    "name": "TA Malili",
    "district_id": 13,
    "creator": 1,
    "date_created": "01/01/2024",
    "retired": "",
    "retired_by": "",
    "date_retired": "",
    "retire_reason": ""
  },
  {
    "traditional_authority_id": 136,
    "name": "TA Kabudula",
    "district_id": 13,
    "creator": 1,
    "date_created": "01/01/2024",
    "retired": "",
    "retired_by": "",
    "date_retired": "",
    "retire_reason": ""
  },
  {
    "traditional_authority_id": 137,
    "name": "Area 1",
    "district_id": 14,
    "creator": 1,
    "date_created": "01/01/2024",
    "retired": "",
    "retired_by": "",
    "date_retired": "",
    "retire_reason": ""
  },
  {
    "traditional_authority_id": 138,
    "name": "Area 2",
    "district_id": 14,
    "creator": 1,
    "date_created": "01/01/2024",
    "retired": "",
    "retired_by": "",
    "date_retired": "",
    "retire_reason": ""
  },
  {
    "traditional_authority_id": 139,
    "name": "Area 3",
    "district_id": 14,
    "creator": 1,
    "date_created": "01/01/2024",
    "retired": "",
    "retired_by": "",
    "date_retired": "",
    "retire_reason": ""
  },
  {
    "traditional_authority_id": 140,
    "name": "Area 4",
    "district_id": 14,
    "creator": 1,
    "date_created": "01/01/2024",
    "retired": "",
    "retired_by": "",
    "date_retired": "",
    "retire_reason": ""
  },
  {
    "traditional_authority_id": 141,
    "name": "Area 5",
    "district_id": 14,
    "creator": 1,
    "date_created": "01/01/2024",
    "retired": "",
    "retired_by": "",
    "date_retired": "",
    "retire_reason": ""
  },
  {
    "traditional_authority_id": 142,
    "name": "Area 6",
    "district_id": 14,
    "creator": 1,
    "date_created": "01/01/2024",
    "retired": "",
    "retired_by": "",
    "date_retired": "",
    "retire_reason": ""
  },
  {
    "traditional_authority_id": 143,
    "name": "Area 7",
    "district_id": 14,
    "creator": 1,
    "date_created": "01/01/2024",
    "retired": "",
    "retired_by": "",
    "date_retired": "",
    "retire_reason": ""
  },
  {
    "traditional_authority_id": 144,
    "name": "Area 8",
    "district_id": 14,
    "creator": 1,
    "date_created": "01/01/2024",
    "retired": "",
    "retired_by": "",
    "date_retired": "",
    "retire_reason": ""
  },
  {
    "traditional_authority_id": 145,
    "name": "Area 9",
    "district_id": 14,
    "creator": 1,
    "date_created": "01/01/2024",
    "retired": "",
    "retired_by": "",
    "date_retired": "",
    "retire_reason": ""
  },
  {
    "traditional_authority_id": 146,
    "name": "Area 10",
    "district_id": 14,
    "creator": 1,
    "date_created": "01/01/2024",
    "retired": "",
    "retired_by": "",
    "date_retired": "",
    "retire_reason": ""
  },
  {
    "traditional_authority_id": 147,
    "name": "Area 11",
    "district_id": 14,
    "creator": 1,
    "date_created": "01/01/2024",
    "retired": "",
    "retired_by": "",
    "date_retired": "",
    "retire_reason": ""
  },
  {
    "traditional_authority_id": 148,
    "name": "Area 12",
    "district_id": 14,
    "creator": 1,
    "date_created": "01/01/2024",
    "retired": "",
    "retired_by": "",
    "date_retired": "",
    "retire_reason": ""
  },
  {
    "traditional_authority_id": 149,
    "name": "Area 13",
    "district_id": 14,
    "creator": 1,
    "date_created": "01/01/2024",
    "retired": "",
    "retired_by": "",
    "date_retired": "",
    "retire_reason": ""
  },
  {
    "traditional_authority_id": 150,
    "name": "Area 14",
    "district_id": 14,
    "creator": 1,
    "date_created": "01/01/2024",
    "retired": "",
    "retired_by": "",
    "date_retired": "",
    "retire_reason": ""
  },
  {
    "traditional_authority_id": 151,
    "name": "Area 15",
    "district_id": 14,
    "creator": 1,
    "date_created": "01/01/2024",
    "retired": "",
    "retired_by": "",
    "date_retired": "",
    "retire_reason": ""
  },
  {
    "traditional_authority_id": 152,
    "name": "Area 16",
    "district_id": 14,
    "creator": 1,
    "date_created": "01/01/2024",
    "retired": "",
    "retired_by": "",
    "date_retired": "",
    "retire_reason": ""
  },
  {
    "traditional_authority_id": 153,
    "name": "Area 17",
    "district_id": 14,
    "creator": 1,
    "date_created": "01/01/2024",
    "retired": "",
    "retired_by": "",
    "date_retired": "",
    "retire_reason": ""
  },
  {
    "traditional_authority_id": 154,
    "name": "Area 18",
    "district_id": 14,
    "creator": 1,
    "date_created": "01/01/2024",
    "retired": "",
    "retired_by": "",
    "date_retired": "",
    "retire_reason": ""
  },
  {
    "traditional_authority_id": 155,
    "name": "Area 19",
    "district_id": 14,
    "creator": 1,
    "date_created": "01/01/2024",
    "retired": "",
    "retired_by": "",
    "date_retired": "",
    "retire_reason": ""
  },
  {
    "traditional_authority_id": 156,
    "name": "Area 20",
    "district_id": 14,
    "creator": 1,
    "date_created": "01/01/2024",
    "retired": "",
    "retired_by": "",
    "date_retired": "",
    "retire_reason": ""
  },
  {
    "traditional_authority_id": 157,
    "name": "Area 21",
    "district_id": 14,
    "creator": 1,
    "date_created": "01/01/2024",
    "retired": "",
    "retired_by": "",
    "date_retired": "",
    "retire_reason": ""
  },
  {
    "traditional_authority_id": 158,
    "name": "Area 22",
    "district_id": 14,
    "creator": 1,
    "date_created": "01/01/2024",
    "retired": "",
    "retired_by": "",
    "date_retired": "",
    "retire_reason": ""
  },
  {
    "traditional_authority_id": 159,
    "name": "Area 23",
    "district_id": 14,
    "creator": 1,
    "date_created": "01/01/2024",
    "retired": "",
    "retired_by": "",
    "date_retired": "",
    "retire_reason": ""
  },
  {
    "traditional_authority_id": 160,
    "name": "Area 24",
    "district_id": 14,
    "creator": 1,
    "date_created": "01/01/2024",
    "retired": "",
    "retired_by": "",
    "date_retired": "",
    "retire_reason": ""
  },
  {
    "traditional_authority_id": 161,
    "name": "Area 25",
    "district_id": 14,
    "creator": 1,
    "date_created": "01/01/2024",
    "retired": "",
    "retired_by": "",
    "date_retired": "",
    "retire_reason": ""
  },
  {
    "traditional_authority_id": 162,
    "name": "Area 26",
    "district_id": 14,
    "creator": 1,
    "date_created": "01/01/2024",
    "retired": "",
    "retired_by": "",
    "date_retired": "",
    "retire_reason": ""
  },
  {
    "traditional_authority_id": 163,
    "name": "Area 27",
    "district_id": 14,
    "creator": 1,
    "date_created": "01/01/2024",
    "retired": "",
    "retired_by": "",
    "date_retired": "",
    "retire_reason": ""
  },
  {
    "traditional_authority_id": 164,
    "name": "Area 28",
    "district_id": 14,
    "creator": 1,
    "date_created": "01/01/2024",
    "retired": "",
    "retired_by": "",
    "date_retired": "",
    "retire_reason": ""
  },
  {
    "traditional_authority_id": 165,
    "name": "Area 29",
    "district_id": 14,
    "creator": 1,
    "date_created": "01/01/2024",
    "retired": "",
    "retired_by": "",
    "date_retired": "",
    "retire_reason": ""
  },
  {
    "traditional_authority_id": 166,
    "name": "Area 30",
    "district_id": 14,
    "creator": 1,
    "date_created": "01/01/2024",
    "retired": "",
    "retired_by": "",
    "date_retired": "",
    "retire_reason": ""
  },
  {
    "traditional_authority_id": 167,
    "name": "Area 31",
    "district_id": 14,
    "creator": 1,
    "date_created": "01/01/2024",
    "retired": "",
    "retired_by": "",
    "date_retired": "",
    "retire_reason": ""
  },
  {
    "traditional_authority_id": 168,
    "name": "Area 32",
    "district_id": 14,
    "creator": 1,
    "date_created": "01/01/2024",
    "retired": "",
    "retired_by": "",
    "date_retired": "",
    "retire_reason": ""
  },
  {
    "traditional_authority_id": 169,
    "name": "Area 33",
    "district_id": 14,
    "creator": 1,
    "date_created": "01/01/2024",
    "retired": "",
    "retired_by": "",
    "date_retired": "",
    "retire_reason": ""
  },
  {
    "traditional_authority_id": 170,
    "name": "Area 34",
    "district_id": 14,
    "creator": 1,
    "date_created": "01/01/2024",
    "retired": "",
    "retired_by": "",
    "date_retired": "",
    "retire_reason": ""
  },
  {
    "traditional_authority_id": 171,
    "name": "Area 35",
    "district_id": 14,
    "creator": 1,
    "date_created": "01/01/2024",
    "retired": "",
    "retired_by": "",
    "date_retired": "",
    "retire_reason": ""
  },
  {
    "traditional_authority_id": 172,
    "name": "Area 36",
    "district_id": 14,
    "creator": 1,
    "date_created": "01/01/2024",
    "retired": "",
    "retired_by": "",
    "date_retired": "",
    "retire_reason": ""
  },
  {
    "traditional_authority_id": 173,
    "name": "Area 37",
    "district_id": 14,
    "creator": 1,
    "date_created": "01/01/2024",
    "retired": "",
    "retired_by": "",
    "date_retired": "",
    "retire_reason": ""
  },
  {
    "traditional_authority_id": 174,
    "name": "Area 38",
    "district_id": 14,
    "creator": 1,
    "date_created": "01/01/2024",
    "retired": "",
    "retired_by": "",
    "date_retired": "",
    "retire_reason": ""
  },
  {
    "traditional_authority_id": 175,
    "name": "Area 39",
    "district_id": 14,
    "creator": 1,
    "date_created": "01/01/2024",
    "retired": "",
    "retired_by": "",
    "date_retired": "",
    "retire_reason": ""
  },
  {
    "traditional_authority_id": 176,
    "name": "Area 40",
    "district_id": 14,
    "creator": 1,
    "date_created": "01/01/2024",
    "retired": "",
    "retired_by": "",
    "date_retired": "",
    "retire_reason": ""
  },
  {
    "traditional_authority_id": 177,
    "name": "Area 41",
    "district_id": 14,
    "creator": 1,
    "date_created": "01/01/2024",
    "retired": "",
    "retired_by": "",
    "date_retired": "",
    "retire_reason": ""
  },
  {
    "traditional_authority_id": 178,
    "name": "Area 42",
    "district_id": 14,
    "creator": 1,
    "date_created": "01/01/2024",
    "retired": "",
    "retired_by": "",
    "date_retired": "",
    "retire_reason": ""
  },
  {
    "traditional_authority_id": 179,
    "name": "Area 43",
    "district_id": 14,
    "creator": 1,
    "date_created": "01/01/2024",
    "retired": "",
    "retired_by": "",
    "date_retired": "",
    "retire_reason": ""
  },
  {
    "traditional_authority_id": 180,
    "name": "Area 44",
    "district_id": 14,
    "creator": 1,
    "date_created": "01/01/2024",
    "retired": "",
    "retired_by": "",
    "date_retired": "",
    "retire_reason": ""
  },
  {
    "traditional_authority_id": 181,
    "name": "Area 45",
    "district_id": 14,
    "creator": 1,
    "date_created": "01/01/2024",
    "retired": "",
    "retired_by": "",
    "date_retired": "",
    "retire_reason": ""
  },
  {
    "traditional_authority_id": 182,
    "name": "Area 46",
    "district_id": 14,
    "creator": 1,
    "date_created": "01/01/2024",
    "retired": "",
    "retired_by": "",
    "date_retired": "",
    "retire_reason": ""
  },
  {
    "traditional_authority_id": 183,
    "name": "Area 47",
    "district_id": 14,
    "creator": 1,
    "date_created": "01/01/2024",
    "retired": "",
    "retired_by": "",
    "date_retired": "",
    "retire_reason": ""
  },
  {
    "traditional_authority_id": 184,
    "name": "Area 48",
    "district_id": 14,
    "creator": 1,
    "date_created": "01/01/2024",
    "retired": "",
    "retired_by": "",
    "date_retired": "",
    "retire_reason": ""
  },
  {
    "traditional_authority_id": 185,
    "name": "Area 49",
    "district_id": 14,
    "creator": 1,
    "date_created": "01/01/2024",
    "retired": "",
    "retired_by": "",
    "date_retired": "",
    "retire_reason": ""
  },
  {
    "traditional_authority_id": 186,
    "name": "Area 50",
    "district_id": 14,
    "creator": 1,
    "date_created": "01/01/2024",
    "retired": "",
    "retired_by": "",
    "date_retired": "",
    "retire_reason": ""
  },
  {
    "traditional_authority_id": 187,
    "name": "Area 51",
    "district_id": 14,
    "creator": 1,
    "date_created": "01/01/2024",
    "retired": "",
    "retired_by": "",
    "date_retired": "",
    "retire_reason": ""
  },
  {
    "traditional_authority_id": 188,
    "name": "Area 52",
    "district_id": 14,
    "creator": 1,
    "date_created": "01/01/2024",
    "retired": "",
    "retired_by": "",
    "date_retired": "",
    "retire_reason": ""
  },
  {
    "traditional_authority_id": 189,
    "name": "Area 53",
    "district_id": 14,
    "creator": 1,
    "date_created": "01/01/2024",
    "retired": "",
    "retired_by": "",
    "date_retired": "",
    "retire_reason": ""
  },
  {
    "traditional_authority_id": 190,
    "name": "Area 54",
    "district_id": 14,
    "creator": 1,
    "date_created": "01/01/2024",
    "retired": "",
    "retired_by": "",
    "date_retired": "",
    "retire_reason": ""
  },
  {
    "traditional_authority_id": 191,
    "name": "Area 55",
    "district_id": 14,
    "creator": 1,
    "date_created": "01/01/2024",
    "retired": "",
    "retired_by": "",
    "date_retired": "",
    "retire_reason": ""
  },
  {
    "traditional_authority_id": 192,
    "name": "Area 56",
    "district_id": 14,
    "creator": 1,
    "date_created": "01/01/2024",
    "retired": "",
    "retired_by": "",
    "date_retired": "",
    "retire_reason": ""
  },
  {
    "traditional_authority_id": 193,
    "name": "Area 57",
    "district_id": 14,
    "creator": 1,
    "date_created": "01/01/2024",
    "retired": "",
    "retired_by": "",
    "date_retired": "",
    "retire_reason": ""
  },
  {
    "traditional_authority_id": 194,
    "name": "Area 58",
    "district_id": 14,
    "creator": 1,
    "date_created": "01/01/2024",
    "retired": "",
    "retired_by": "",
    "date_retired": "",
    "retire_reason": ""
  },
  {
    "traditional_authority_id": 195,
    "name": "TA Mlonyeni",
    "district_id": 15,
    "creator": 1,
    "date_created": "01/01/2024",
    "retired": "",
    "retired_by": "",
    "date_retired": "",
    "retire_reason": ""
  },
  {
    "traditional_authority_id": 196,
    "name": "SC Mavwere",
    "district_id": 15,
    "creator": 1,
    "date_created": "01/01/2024",
    "retired": "",
    "retired_by": "",
    "date_retired": "",
    "retire_reason": ""
  },
  {
    "traditional_authority_id": 197,
    "name": "TA Zulu",
    "district_id": 15,
    "creator": 1,
    "date_created": "01/01/2024",
    "retired": "",
    "retired_by": "",
    "date_retired": "",
    "retire_reason": ""
  },
  {
    "traditional_authority_id": 198,
    "name": "SC Mduwa",
    "district_id": 15,
    "creator": 1,
    "date_created": "01/01/2024",
    "retired": "",
    "retired_by": "",
    "date_retired": "",
    "retire_reason": ""
  },
  {
    "traditional_authority_id": 199,
    "name": "TA Mkanda",
    "district_id": 15,
    "creator": 1,
    "date_created": "01/01/2024",
    "retired": "",
    "retired_by": "",
    "date_retired": "",
    "retire_reason": ""
  },
  {
    "traditional_authority_id": 200,
    "name": "SC Dambe",
    "district_id": 15,
    "creator": 1,
    "date_created": "01/01/2024",
    "retired": "",
    "retired_by": "",
    "date_retired": "",
    "retire_reason": ""
  },
  {
    "traditional_authority_id": 201,
    "name": "Mchinji Boma",
    "district_id": 15,
    "creator": 1,
    "date_created": "01/01/2024",
    "retired": "",
    "retired_by": "",
    "date_retired": "",
    "retire_reason": ""
  },
  {
    "traditional_authority_id": 202,
    "name": "TA Pemba",
    "district_id": 16,
    "creator": 1,
    "date_created": "01/01/2024",
    "retired": "",
    "retired_by": "",
    "date_retired": "",
    "retire_reason": ""
  },
  {
    "traditional_authority_id": 203,
    "name": "SC Chilikumwendo",
    "district_id": 16,
    "creator": 1,
    "date_created": "01/01/2024",
    "retired": "",
    "retired_by": "",
    "date_retired": "",
    "retire_reason": ""
  },
  {
    "traditional_authority_id": 204,
    "name": "TA Kaphuka",
    "district_id": 16,
    "creator": 1,
    "date_created": "01/01/2024",
    "retired": "",
    "retired_by": "",
    "date_retired": "",
    "retire_reason": ""
  },
  {
    "traditional_authority_id": 205,
    "name": "TA Tambala",
    "district_id": 16,
    "creator": 1,
    "date_created": "01/01/2024",
    "retired": "",
    "retired_by": "",
    "date_retired": "",
    "retire_reason": ""
  },
  {
    "traditional_authority_id": 206,
    "name": "SC Chauma",
    "district_id": 16,
    "creator": 1,
    "date_created": "01/01/2024",
    "retired": "",
    "retired_by": "",
    "date_retired": "",
    "retire_reason": ""
  },
  {
    "traditional_authority_id": 207,
    "name": "TA Kasumbu",
    "district_id": 16,
    "creator": 1,
    "date_created": "01/01/2024",
    "retired": "",
    "retired_by": "",
    "date_retired": "",
    "retire_reason": ""
  },
  {
    "traditional_authority_id": 208,
    "name": "TA Kachindamoto",
    "district_id": 16,
    "creator": 1,
    "date_created": "01/01/2024",
    "retired": "",
    "retired_by": "",
    "date_retired": "",
    "retire_reason": ""
  },
  {
    "traditional_authority_id": 209,
    "name": "SC Kamenya Gwaza",
    "district_id": 16,
    "creator": 1,
    "date_created": "01/01/2024",
    "retired": "",
    "retired_by": "",
    "date_retired": "",
    "retire_reason": ""
  },
  {
    "traditional_authority_id": 210,
    "name": "Dedza Boma",
    "district_id": 16,
    "creator": 1,
    "date_created": "01/01/2024",
    "retired": "",
    "retired_by": "",
    "date_retired": "",
    "retire_reason": ""
  },
  {
    "traditional_authority_id": 211,
    "name": "TA Phambala",
    "district_id": 17,
    "creator": 1,
    "date_created": "01/01/2024",
    "retired": "",
    "retired_by": "",
    "date_retired": "",
    "retire_reason": ""
  },
  {
    "traditional_authority_id": 212,
    "name": "TA Mpando",
    "district_id": 17,
    "creator": 1,
    "date_created": "01/01/2024",
    "retired": "",
    "retired_by": "",
    "date_retired": "",
    "retire_reason": ""
  },
  {
    "traditional_authority_id": 213,
    "name": "TA Kwataine",
    "district_id": 17,
    "creator": 1,
    "date_created": "01/01/2024",
    "retired": "",
    "retired_by": "",
    "date_retired": "",
    "retire_reason": ""
  },
  {
    "traditional_authority_id": 214,
    "name": "SC Makwangwala",
    "district_id": 17,
    "creator": 1,
    "date_created": "01/01/2024",
    "retired": "",
    "retired_by": "",
    "date_retired": "",
    "retire_reason": ""
  },
  {
    "traditional_authority_id": 215,
    "name": "SC Champiti",
    "district_id": 17,
    "creator": 1,
    "date_created": "01/01/2024",
    "retired": "",
    "retired_by": "",
    "date_retired": "",
    "retire_reason": ""
  },
  {
    "traditional_authority_id": 216,
    "name": "TA Njolomole",
    "district_id": 17,
    "creator": 1,
    "date_created": "01/01/2024",
    "retired": "",
    "retired_by": "",
    "date_retired": "",
    "retire_reason": ""
  },
  {
    "traditional_authority_id": 217,
    "name": "TA Chakhumbira",
    "district_id": 17,
    "creator": 1,
    "date_created": "01/01/2024",
    "retired": "",
    "retired_by": "",
    "date_retired": "",
    "retire_reason": ""
  },
  {
    "traditional_authority_id": 218,
    "name": "SC Goodson Ganya",
    "district_id": 17,
    "creator": 1,
    "date_created": "01/01/2024",
    "retired": "",
    "retired_by": "",
    "date_retired": "",
    "retire_reason": ""
  },
  {
    "traditional_authority_id": 219,
    "name": "TA Masasa",
    "district_id": 17,
    "creator": 1,
    "date_created": "01/01/2024",
    "retired": "",
    "retired_by": "",
    "date_retired": "",
    "retire_reason": ""
  },
  {
    "traditional_authority_id": 220,
    "name": "Ntcheu Boma",
    "district_id": 17,
    "creator": 1,
    "date_created": "01/01/2024",
    "retired": "",
    "retired_by": "",
    "date_retired": "",
    "retire_reason": ""
  },
  {
    "traditional_authority_id": 221,
    "name": "TA Mponda",
    "district_id": 18,
    "creator": 1,
    "date_created": "01/01/2024",
    "retired": "",
    "retired_by": "",
    "date_retired": "",
    "retire_reason": ""
  },
  {
    "traditional_authority_id": 222,
    "name": "TA Chimwala",
    "district_id": 18,
    "creator": 1,
    "date_created": "01/01/2024",
    "retired": "",
    "retired_by": "",
    "date_retired": "",
    "retire_reason": ""
  },
  {
    "traditional_authority_id": 223,
    "name": "TA Nankumba",
    "district_id": 18,
    "creator": 1,
    "date_created": "01/01/2024",
    "retired": "",
    "retired_by": "",
    "date_retired": "",
    "retire_reason": ""
  },
  {
    "traditional_authority_id": 224,
    "name": "TA Jalasi",
    "district_id": 18,
    "creator": 1,
    "date_created": "01/01/2024",
    "retired": "",
    "retired_by": "",
    "date_retired": "",
    "retire_reason": ""
  },
  {
    "traditional_authority_id": 225,
    "name": "SC Mbwana Nyambi",
    "district_id": 18,
    "creator": 1,
    "date_created": "01/01/2024",
    "retired": "",
    "retired_by": "",
    "date_retired": "",
    "retire_reason": ""
  },
  {
    "traditional_authority_id": 226,
    "name": "SC Chowe",
    "district_id": 18,
    "creator": 1,
    "date_created": "01/01/2024",
    "retired": "",
    "retired_by": "",
    "date_retired": "",
    "retire_reason": ""
  },
  {
    "traditional_authority_id": 227,
    "name": "TA Katuli",
    "district_id": 18,
    "creator": 1,
    "date_created": "01/01/2024",
    "retired": "",
    "retired_by": "",
    "date_retired": "",
    "retire_reason": ""
  },
  {
    "traditional_authority_id": 228,
    "name": "TA Makanjila",
    "district_id": 18,
    "creator": 1,
    "date_created": "01/01/2024",
    "retired": "",
    "retired_by": "",
    "date_retired": "",
    "retire_reason": ""
  },
  {
    "traditional_authority_id": 229,
    "name": "SC Namabvi",
    "district_id": 18,
    "creator": 1,
    "date_created": "01/01/2024",
    "retired": "",
    "retired_by": "",
    "date_retired": "",
    "retire_reason": ""
  },
  {
    "traditional_authority_id": 230,
    "name": "Lake Malawi Natl. Park",
    "district_id": 18,
    "creator": 1,
    "date_created": "01/01/2024",
    "retired": "",
    "retired_by": "",
    "date_retired": "",
    "retire_reason": ""
  },
  {
    "traditional_authority_id": 231,
    "name": "Mangochi Town",
    "district_id": 18,
    "creator": 1,
    "date_created": "01/01/2024",
    "retired": "",
    "retired_by": "",
    "date_retired": "",
    "retire_reason": ""
  },
  {
    "traditional_authority_id": 232,
    "name": "Monkey Bay Urban",
    "district_id": 18,
    "creator": 1,
    "date_created": "01/01/2024",
    "retired": "",
    "retired_by": "",
    "date_retired": "",
    "retire_reason": ""
  },
  {
    "traditional_authority_id": 233,
    "name": "Lake Malombe",
    "district_id": 18,
    "creator": 1,
    "date_created": "01/01/2024",
    "retired": "",
    "retired_by": "",
    "date_retired": "",
    "retire_reason": ""
  },
  {
    "traditional_authority_id": 234,
    "name": "TA Liwonde",
    "district_id": 19,
    "creator": 1,
    "date_created": "01/01/2024",
    "retired": "",
    "retired_by": "",
    "date_retired": "",
    "retire_reason": ""
  },
  {
    "traditional_authority_id": 235,
    "name": "SC Sitola",
    "district_id": 19,
    "creator": 1,
    "date_created": "01/01/2024",
    "retired": "",
    "retired_by": "",
    "date_retired": "",
    "retire_reason": ""
  },
  {
    "traditional_authority_id": 236,
    "name": "TA Kawinga",
    "district_id": 19,
    "creator": 1,
    "date_created": "01/01/2024",
    "retired": "",
    "retired_by": "",
    "date_retired": "",
    "retire_reason": ""
  },
  {
    "traditional_authority_id": 237,
    "name": "SC Chamba",
    "district_id": 19,
    "creator": 1,
    "date_created": "01/01/2024",
    "retired": "",
    "retired_by": "",
    "date_retired": "",
    "retire_reason": ""
  },
  {
    "traditional_authority_id": 238,
    "name": "SC Mposa",
    "district_id": 19,
    "creator": 1,
    "date_created": "01/01/2024",
    "retired": "",
    "retired_by": "",
    "date_retired": "",
    "retire_reason": ""
  },
  {
    "traditional_authority_id": 239,
    "name": "SC Mlomba",
    "district_id": 19,
    "creator": 1,
    "date_created": "01/01/2024",
    "retired": "",
    "retired_by": "",
    "date_retired": "",
    "retire_reason": ""
  },
  {
    "traditional_authority_id": 240,
    "name": "SC Chikweo",
    "district_id": 19,
    "creator": 1,
    "date_created": "01/01/2024",
    "retired": "",
    "retired_by": "",
    "date_retired": "",
    "retire_reason": ""
  },
  {
    "traditional_authority_id": 241,
    "name": "SC Ngokwe",
    "district_id": 19,
    "creator": 1,
    "date_created": "01/01/2024",
    "retired": "",
    "retired_by": "",
    "date_retired": "",
    "retire_reason": ""
  },
  {
    "traditional_authority_id": 242,
    "name": "SC Chiwalo",
    "district_id": 19,
    "creator": 1,
    "date_created": "01/01/2024",
    "retired": "",
    "retired_by": "",
    "date_retired": "",
    "retire_reason": ""
  },
  {
    "traditional_authority_id": 243,
    "name": "TA Nyambi",
    "district_id": 19,
    "creator": 1,
    "date_created": "01/01/2024",
    "retired": "",
    "retired_by": "",
    "date_retired": "",
    "retire_reason": ""
  },
  {
    "traditional_authority_id": 244,
    "name": "Liwonde National Park",
    "district_id": 19,
    "creator": 1,
    "date_created": "01/01/2024",
    "retired": "",
    "retired_by": "",
    "date_retired": "",
    "retire_reason": ""
  },
  {
    "traditional_authority_id": 245,
    "name": "Machinga Boma",
    "district_id": 19,
    "creator": 1,
    "date_created": "01/01/2024",
    "retired": "",
    "retired_by": "",
    "date_retired": "",
    "retire_reason": ""
  },
  {
    "traditional_authority_id": 246,
    "name": "Liwonde Town",
    "district_id": 19,
    "creator": 1,
    "date_created": "01/01/2024",
    "retired": "",
    "retired_by": "",
    "date_retired": "",
    "retire_reason": ""
  },
  {
    "traditional_authority_id": 247,
    "name": "Lake Chilwa",
    "district_id": 19,
    "creator": 1,
    "date_created": "01/01/2024",
    "retired": "",
    "retired_by": "",
    "date_retired": "",
    "retire_reason": ""
  },
  {
    "traditional_authority_id": 248,
    "name": "Lake Chiuta",
    "district_id": 19,
    "creator": 1,
    "date_created": "01/01/2024",
    "retired": "",
    "retired_by": "",
    "date_retired": "",
    "retire_reason": ""
  },
  {
    "traditional_authority_id": 249,
    "name": "TA Kuntumanji",
    "district_id": 20,
    "creator": 1,
    "date_created": "01/01/2024",
    "retired": "",
    "retired_by": "",
    "date_retired": "",
    "retire_reason": ""
  },
  {
    "traditional_authority_id": 250,
    "name": "TA Mwambo",
    "district_id": 20,
    "creator": 1,
    "date_created": "01/01/2024",
    "retired": "",
    "retired_by": "",
    "date_retired": "",
    "retire_reason": ""
  },
  {
    "traditional_authority_id": 251,
    "name": "SC Mkumbira",
    "district_id": 20,
    "creator": 1,
    "date_created": "01/01/2024",
    "retired": "",
    "retired_by": "",
    "date_retired": "",
    "retire_reason": ""
  },
  {
    "traditional_authority_id": 252,
    "name": "TA Chikowi",
    "district_id": 20,
    "creator": 1,
    "date_created": "01/01/2024",
    "retired": "",
    "retired_by": "",
    "date_retired": "",
    "retire_reason": ""
  },
  {
    "traditional_authority_id": 253,
    "name": "SC Mbiza",
    "district_id": 20,
    "creator": 1,
    "date_created": "01/01/2024",
    "retired": "",
    "retired_by": "",
    "date_retired": "",
    "retire_reason": ""
  },
  {
    "traditional_authority_id": 254,
    "name": "TA Mlumbe",
    "district_id": 20,
    "creator": 1,
    "date_created": "01/01/2024",
    "retired": "",
    "retired_by": "",
    "date_retired": "",
    "retire_reason": ""
  },
  {
    "traditional_authority_id": 255,
    "name": "TA Malemia",
    "district_id": 20,
    "creator": 1,
    "date_created": "01/01/2024",
    "retired": "",
    "retired_by": "",
    "date_retired": "",
    "retire_reason": ""
  },
  {
    "traditional_authority_id": 256,
    "name": "Mbedza Ward",
    "district_id": 21,
    "creator": 1,
    "date_created": "01/01/2024",
    "retired": "",
    "retired_by": "",
    "date_retired": "",
    "retire_reason": ""
  },
  {
    "traditional_authority_id": 257,
    "name": "Mtiya Ward",
    "district_id": 21,
    "creator": 1,
    "date_created": "01/01/2024",
    "retired": "",
    "retired_by": "",
    "date_retired": "",
    "retire_reason": ""
  },
  {
    "traditional_authority_id": 258,
    "name": "Masongola Ward",
    "district_id": 21,
    "creator": 1,
    "date_created": "01/01/2024",
    "retired": "",
    "retired_by": "",
    "date_retired": "",
    "retire_reason": ""
  },
  {
    "traditional_authority_id": 259,
    "name": "Likangala Ward",
    "district_id": 21,
    "creator": 1,
    "date_created": "01/01/2024",
    "retired": "",
    "retired_by": "",
    "date_retired": "",
    "retire_reason": ""
  },
  {
    "traditional_authority_id": 260,
    "name": "Chikamveka Ward",
    "district_id": 21,
    "creator": 1,
    "date_created": "01/01/2024",
    "retired": "",
    "retired_by": "",
    "date_retired": "",
    "retire_reason": ""
  },
  {
    "traditional_authority_id": 261,
    "name": "Chikamveka North Ward",
    "district_id": 21,
    "creator": 1,
    "date_created": "01/01/2024",
    "retired": "",
    "retired_by": "",
    "date_retired": "",
    "retire_reason": ""
  },
  {
    "traditional_authority_id": 262,
    "name": "Chirunga East Ward",
    "district_id": 21,
    "creator": 1,
    "date_created": "01/01/2024",
    "retired": "",
    "retired_by": "",
    "date_retired": "",
    "retire_reason": ""
  },
  {
    "traditional_authority_id": 263,
    "name": "Chirunga Ward",
    "district_id": 21,
    "creator": 1,
    "date_created": "01/01/2024",
    "retired": "",
    "retired_by": "",
    "date_retired": "",
    "retire_reason": ""
  },
  {
    "traditional_authority_id": 264,
    "name": "Zakazaka Ward",
    "district_id": 21,
    "creator": 1,
    "date_created": "01/01/2024",
    "retired": "",
    "retired_by": "",
    "date_retired": "",
    "retire_reason": ""
  },
  {
    "traditional_authority_id": 265,
    "name": "Zomba Central Ward",
    "district_id": 21,
    "creator": 1,
    "date_created": "01/01/2024",
    "retired": "",
    "retired_by": "",
    "date_retired": "",
    "retire_reason": ""
  },
  {
    "traditional_authority_id": 266,
    "name": "Chambo Ward",
    "district_id": 21,
    "creator": 1,
    "date_created": "01/01/2024",
    "retired": "",
    "retired_by": "",
    "date_retired": "",
    "retire_reason": ""
  },
  {
    "traditional_authority_id": 267,
    "name": "Sadzi Ward",
    "district_id": 21,
    "creator": 1,
    "date_created": "01/01/2024",
    "retired": "",
    "retired_by": "",
    "date_retired": "",
    "retire_reason": ""
  },
  {
    "traditional_authority_id": 268,
    "name": "Likangala Central Ward",
    "district_id": 21,
    "creator": 1,
    "date_created": "01/01/2024",
    "retired": "",
    "retired_by": "",
    "date_retired": "",
    "retire_reason": ""
  },
  {
    "traditional_authority_id": 269,
    "name": "Likangala South Ward",
    "district_id": 21,
    "creator": 1,
    "date_created": "01/01/2024",
    "retired": "",
    "retired_by": "",
    "date_retired": "",
    "retire_reason": ""
  },
  {
    "traditional_authority_id": 270,
    "name": "Lake Chilwa",
    "district_id": 20,
    "creator": 1,
    "date_created": "01/01/2024",
    "retired": "",
    "retired_by": "",
    "date_retired": "",
    "retire_reason": ""
  },
  {
    "traditional_authority_id": 271,
    "name": "TA Mpama",
    "district_id": 22,
    "creator": 1,
    "date_created": "01/01/2024",
    "retired": "",
    "retired_by": "",
    "date_retired": "",
    "retire_reason": ""
  },
  {
    "traditional_authority_id": 272,
    "name": "TA Likoswe",
    "district_id": 22,
    "creator": 1,
    "date_created": "01/01/2024",
    "retired": "",
    "retired_by": "",
    "date_retired": "",
    "retire_reason": ""
  },
  {
    "traditional_authority_id": 273,
    "name": "TA Kadewere",
    "district_id": 22,
    "creator": 1,
    "date_created": "01/01/2024",
    "retired": "",
    "retired_by": "",
    "date_retired": "",
    "retire_reason": ""
  },
  {
    "traditional_authority_id": 274,
    "name": "TA Nkalo",
    "district_id": 22,
    "creator": 1,
    "date_created": "01/01/2024",
    "retired": "",
    "retired_by": "",
    "date_retired": "",
    "retire_reason": ""
  },
  {
    "traditional_authority_id": 275,
    "name": "TA Chitera",
    "district_id": 22,
    "creator": 1,
    "date_created": "01/01/2024",
    "retired": "",
    "retired_by": "",
    "date_retired": "",
    "retire_reason": ""
  },
  {
    "traditional_authority_id": 276,
    "name": "TA Nchema",
    "district_id": 22,
    "creator": 1,
    "date_created": "01/01/2024",
    "retired": "",
    "retired_by": "",
    "date_retired": "",
    "retire_reason": ""
  },
  {
    "traditional_authority_id": 277,
    "name": "Chiradzulu Boma",
    "district_id": 22,
    "creator": 1,
    "date_created": "01/01/2024",
    "retired": "",
    "retired_by": "",
    "date_retired": "",
    "retire_reason": ""
  },
  {
    "traditional_authority_id": 278,
    "name": "TA Kapeni",
    "district_id": 23,
    "creator": 1,
    "date_created": "01/01/2024",
    "retired": "",
    "retired_by": "",
    "date_retired": "",
    "retire_reason": ""
  },
  {
    "traditional_authority_id": 279,
    "name": "TA Lundu",
    "district_id": 23,
    "creator": 1,
    "date_created": "01/01/2024",
    "retired": "",
    "retired_by": "",
    "date_retired": "",
    "retire_reason": ""
  },
  {
    "traditional_authority_id": 280,
    "name": "TA Chigaru",
    "district_id": 23,
    "creator": 1,
    "date_created": "01/01/2024",
    "retired": "",
    "retired_by": "",
    "date_retired": "",
    "retire_reason": ""
  },
  {
    "traditional_authority_id": 281,
    "name": "TA Kunthembwe",
    "district_id": 23,
    "creator": 1,
    "date_created": "01/01/2024",
    "retired": "",
    "retired_by": "",
    "date_retired": "",
    "retire_reason": ""
  },
  {
    "traditional_authority_id": 282,
    "name": "TA Makata",
    "district_id": 23,
    "creator": 1,
    "date_created": "01/01/2024",
    "retired": "",
    "retired_by": "",
    "date_retired": "",
    "retire_reason": ""
  },
  {
    "traditional_authority_id": 283,
    "name": "TA Kuntaja",
    "district_id": 23,
    "creator": 1,
    "date_created": "01/01/2024",
    "retired": "",
    "retired_by": "",
    "date_retired": "",
    "retire_reason": ""
  },
  {
    "traditional_authority_id": 284,
    "name": "TA Machinjili",
    "district_id": 23,
    "creator": 1,
    "date_created": "01/01/2024",
    "retired": "",
    "retired_by": "",
    "date_retired": "",
    "retire_reason": ""
  },
  {
    "traditional_authority_id": 285,
    "name": "TA Somba",
    "district_id": 23,
    "creator": 1,
    "date_created": "01/01/2024",
    "retired": "",
    "retired_by": "",
    "date_retired": "",
    "retire_reason": ""
  },
  {
    "traditional_authority_id": 286,
    "name": "Michiru Ward",
    "district_id": 24,
    "creator": 1,
    "date_created": "01/01/2024",
    "retired": "",
    "retired_by": "",
    "date_retired": "",
    "retire_reason": ""
  },
  {
    "traditional_authority_id": 287,
    "name": "South Lunzu Ward",
    "district_id": 24,
    "creator": 1,
    "date_created": "01/01/2024",
    "retired": "",
    "retired_by": "",
    "date_retired": "",
    "retire_reason": ""
  },
  {
    "traditional_authority_id": 288,
    "name": "Mapanga Ward",
    "district_id": 24,
    "creator": 1,
    "date_created": "01/01/2024",
    "retired": "",
    "retired_by": "",
    "date_retired": "",
    "retire_reason": ""
  },
  {
    "traditional_authority_id": 289,
    "name": "Nkolokoti Ward",
    "district_id": 24,
    "creator": 1,
    "date_created": "01/01/2024",
    "retired": "",
    "retired_by": "",
    "date_retired": "",
    "retire_reason": ""
  },
  {
    "traditional_authority_id": 290,
    "name": "Ndirande North Ward",
    "district_id": 24,
    "creator": 1,
    "date_created": "01/01/2024",
    "retired": "",
    "retired_by": "",
    "date_retired": "",
    "retire_reason": ""
  },
  {
    "traditional_authority_id": 291,
    "name": "Ndirande South Ward",
    "district_id": 24,
    "creator": 1,
    "date_created": "01/01/2024",
    "retired": "",
    "retired_by": "",
    "date_retired": "",
    "retire_reason": ""
  },
  {
    "traditional_authority_id": 292,
    "name": "Ndirande West Ward",
    "district_id": 24,
    "creator": 1,
    "date_created": "01/01/2024",
    "retired": "",
    "retired_by": "",
    "date_retired": "",
    "retire_reason": ""
  },
  {
    "traditional_authority_id": 293,
    "name": "Nyambadwe Ward",
    "district_id": 24,
    "creator": 1,
    "date_created": "01/01/2024",
    "retired": "",
    "retired_by": "",
    "date_retired": "",
    "retire_reason": ""
  },
  {
    "traditional_authority_id": 294,
    "name": "Likhubula Ward",
    "district_id": 24,
    "creator": 1,
    "date_created": "01/01/2024",
    "retired": "",
    "retired_by": "",
    "date_retired": "",
    "retire_reason": ""
  },
  {
    "traditional_authority_id": 295,
    "name": "Chilomoni Ward",
    "district_id": 24,
    "creator": 1,
    "date_created": "01/01/2024",
    "retired": "",
    "retired_by": "",
    "date_retired": "",
    "retire_reason": ""
  },
  {
    "traditional_authority_id": 296,
    "name": "Blantyre West Ward",
    "district_id": 24,
    "creator": 1,
    "date_created": "01/01/2024",
    "retired": "",
    "retired_by": "",
    "date_retired": "",
    "retire_reason": ""
  },
  {
    "traditional_authority_id": 297,
    "name": "Blantyre Central Ward",
    "district_id": 24,
    "creator": 1,
    "date_created": "01/01/2024",
    "retired": "",
    "retired_by": "",
    "date_retired": "",
    "retire_reason": ""
  },
  {
    "traditional_authority_id": 298,
    "name": "Blantyre East Ward",
    "district_id": 24,
    "creator": 1,
    "date_created": "01/01/2024",
    "retired": "",
    "retired_by": "",
    "date_retired": "",
    "retire_reason": ""
  },
  {
    "traditional_authority_id": 299,
    "name": "Chichiri Ward",
    "district_id": 24,
    "creator": 1,
    "date_created": "01/01/2024",
    "retired": "",
    "retired_by": "",
    "date_retired": "",
    "retire_reason": ""
  },
  {
    "traditional_authority_id": 300,
    "name": "Mzedi Ward",
    "district_id": 24,
    "creator": 1,
    "date_created": "01/01/2024",
    "retired": "",
    "retired_by": "",
    "date_retired": "",
    "retire_reason": ""
  },
  {
    "traditional_authority_id": 301,
    "name": "Bangwe Ward",
    "district_id": 24,
    "creator": 1,
    "date_created": "01/01/2024",
    "retired": "",
    "retired_by": "",
    "date_retired": "",
    "retire_reason": ""
  },
  {
    "traditional_authority_id": 302,
    "name": "Namiyango Ward",
    "district_id": 24,
    "creator": 1,
    "date_created": "01/01/2024",
    "retired": "",
    "retired_by": "",
    "date_retired": "",
    "retire_reason": ""
  },
  {
    "traditional_authority_id": 303,
    "name": "Limbe East Ward",
    "district_id": 24,
    "creator": 1,
    "date_created": "01/01/2024",
    "retired": "",
    "retired_by": "",
    "date_retired": "",
    "retire_reason": ""
  },
  {
    "traditional_authority_id": 304,
    "name": "Limbe Central Ward",
    "district_id": 24,
    "creator": 1,
    "date_created": "01/01/2024",
    "retired": "",
    "retired_by": "",
    "date_retired": "",
    "retire_reason": ""
  },
  {
    "traditional_authority_id": 305,
    "name": "Limbe West Ward",
    "district_id": 24,
    "creator": 1,
    "date_created": "01/01/2024",
    "retired": "",
    "retired_by": "",
    "date_retired": "",
    "retire_reason": ""
  },
  {
    "traditional_authority_id": 306,
    "name": "Soche East Ward",
    "district_id": 24,
    "creator": 1,
    "date_created": "01/01/2024",
    "retired": "",
    "retired_by": "",
    "date_retired": "",
    "retire_reason": ""
  },
  {
    "traditional_authority_id": 307,
    "name": "Soche West Ward",
    "district_id": 24,
    "creator": 1,
    "date_created": "01/01/2024",
    "retired": "",
    "retired_by": "",
    "date_retired": "",
    "retire_reason": ""
  },
  {
    "traditional_authority_id": 308,
    "name": "Nancholi Ward",
    "district_id": 24,
    "creator": 1,
    "date_created": "01/01/2024",
    "retired": "",
    "retired_by": "",
    "date_retired": "",
    "retire_reason": ""
  },
  {
    "traditional_authority_id": 309,
    "name": "Misesa Ward",
    "district_id": 24,
    "creator": 1,
    "date_created": "01/01/2024",
    "retired": "",
    "retired_by": "",
    "date_retired": "",
    "retire_reason": ""
  },
  {
    "traditional_authority_id": 310,
    "name": "Chigumula Ward",
    "district_id": 24,
    "creator": 1,
    "date_created": "01/01/2024",
    "retired": "",
    "retired_by": "",
    "date_retired": "",
    "retire_reason": ""
  },
  {
    "traditional_authority_id": 311,
    "name": "Msamba Ward",
    "district_id": 24,
    "creator": 1,
    "date_created": "01/01/2024",
    "retired": "",
    "retired_by": "",
    "date_retired": "",
    "retire_reason": ""
  },
  {
    "traditional_authority_id": 312,
    "name": "TA Dambe",
    "district_id": 25,
    "creator": 1,
    "date_created": "01/01/2024",
    "retired": "",
    "retired_by": "",
    "date_retired": "",
    "retire_reason": ""
  },
  {
    "traditional_authority_id": 313,
    "name": "TA Mlauli",
    "district_id": 25,
    "creator": 1,
    "date_created": "01/01/2024",
    "retired": "",
    "retired_by": "",
    "date_retired": "",
    "retire_reason": ""
  },
  {
    "traditional_authority_id": 314,
    "name": "TA Kanduku",
    "district_id": 25,
    "creator": 1,
    "date_created": "01/01/2024",
    "retired": "",
    "retired_by": "",
    "date_retired": "",
    "retire_reason": ""
  },
  {
    "traditional_authority_id": 315,
    "name": "TA Nthache",
    "district_id": 25,
    "creator": 1,
    "date_created": "01/01/2024",
    "retired": "",
    "retired_by": "",
    "date_retired": "",
    "retire_reason": ""
  },
  {
    "traditional_authority_id": 316,
    "name": "TA Symon",
    "district_id": 25,
    "creator": 1,
    "date_created": "01/01/2024",
    "retired": "",
    "retired_by": "",
    "date_retired": "",
    "retire_reason": ""
  },
  {
    "traditional_authority_id": 317,
    "name": "TA Ngozi",
    "district_id": 25,
    "creator": 1,
    "date_created": "01/01/2024",
    "retired": "",
    "retired_by": "",
    "date_retired": "",
    "retire_reason": ""
  },
  {
    "traditional_authority_id": 318,
    "name": "Majete Game Reserve",
    "district_id": 25,
    "creator": 1,
    "date_created": "01/01/2024",
    "retired": "",
    "retired_by": "",
    "date_retired": "",
    "retire_reason": ""
  },
  {
    "traditional_authority_id": 319,
    "name": "Mwanza Boma",
    "district_id": 25,
    "creator": 1,
    "date_created": "01/01/2024",
    "retired": "",
    "retired_by": "",
    "date_retired": "",
    "retire_reason": ""
  },
  {
    "traditional_authority_id": 320,
    "name": "TA Nsabwe",
    "district_id": 26,
    "creator": 1,
    "date_created": "01/01/2024",
    "retired": "",
    "retired_by": "",
    "date_retired": "",
    "retire_reason": ""
  },
  {
    "traditional_authority_id": 321,
    "name": "SC Thukuta",
    "district_id": 26,
    "creator": 1,
    "date_created": "01/01/2024",
    "retired": "",
    "retired_by": "",
    "date_retired": "",
    "retire_reason": ""
  },
  {
    "traditional_authority_id": 322,
    "name": "SC Mbawela",
    "district_id": 26,
    "creator": 1,
    "date_created": "01/01/2024",
    "retired": "",
    "retired_by": "",
    "date_retired": "",
    "retire_reason": ""
  },
  {
    "traditional_authority_id": 323,
    "name": "TA Changata",
    "district_id": 26,
    "creator": 1,
    "date_created": "01/01/2024",
    "retired": "",
    "retired_by": "",
    "date_retired": "",
    "retire_reason": ""
  },
  {
    "traditional_authority_id": 324,
    "name": "SC Mphuka",
    "district_id": 26,
    "creator": 1,
    "date_created": "01/01/2024",
    "retired": "",
    "retired_by": "",
    "date_retired": "",
    "retire_reason": ""
  },
  {
    "traditional_authority_id": 325,
    "name": "SC Kwethemule",
    "district_id": 26,
    "creator": 1,
    "date_created": "01/01/2024",
    "retired": "",
    "retired_by": "",
    "date_retired": "",
    "retire_reason": ""
  },
  {
    "traditional_authority_id": 326,
    "name": "TA Kapichi",
    "district_id": 26,
    "creator": 1,
    "date_created": "01/01/2024",
    "retired": "",
    "retired_by": "",
    "date_retired": "",
    "retire_reason": ""
  },
  {
    "traditional_authority_id": 327,
    "name": "TA Nchilamwela",
    "district_id": 26,
    "creator": 1,
    "date_created": "01/01/2024",
    "retired": "",
    "retired_by": "",
    "date_retired": "",
    "retire_reason": ""
  },
  {
    "traditional_authority_id": 328,
    "name": "TA Chimaliro",
    "district_id": 26,
    "creator": 1,
    "date_created": "01/01/2024",
    "retired": "",
    "retired_by": "",
    "date_retired": "",
    "retire_reason": ""
  },
  {
    "traditional_authority_id": 329,
    "name": "TA Bvumbwe",
    "district_id": 26,
    "creator": 1,
    "date_created": "01/01/2024",
    "retired": "",
    "retired_by": "",
    "date_retired": "",
    "retire_reason": ""
  },
  {
    "traditional_authority_id": 330,
    "name": "TA Thomas",
    "district_id": 26,
    "creator": 1,
    "date_created": "01/01/2024",
    "retired": "",
    "retired_by": "",
    "date_retired": "",
    "retire_reason": ""
  },
  {
    "traditional_authority_id": 331,
    "name": "Thyolo Boma",
    "district_id": 26,
    "creator": 1,
    "date_created": "01/01/2024",
    "retired": "",
    "retired_by": "",
    "date_retired": "",
    "retire_reason": ""
  },
  {
    "traditional_authority_id": 332,
    "name": "Luchenza Town",
    "district_id": 26,
    "creator": 1,
    "date_created": "01/01/2024",
    "retired": "",
    "retired_by": "",
    "date_retired": "",
    "retire_reason": ""
  },
  {
    "traditional_authority_id": 333,
    "name": "TA Mabuka",
    "district_id": 27,
    "creator": 1,
    "date_created": "01/01/2024",
    "retired": "",
    "retired_by": "",
    "date_retired": "",
    "retire_reason": ""
  },
  {
    "traditional_authority_id": 334,
    "name": "SC Laston Njema",
    "district_id": 27,
    "creator": 1,
    "date_created": "01/01/2024",
    "retired": "",
    "retired_by": "",
    "date_retired": "",
    "retire_reason": ""
  },
  {
    "traditional_authority_id": 335,
    "name": "TA Chikumbu",
    "district_id": 27,
    "creator": 1,
    "date_created": "01/01/2024",
    "retired": "",
    "retired_by": "",
    "date_retired": "",
    "retire_reason": ""
  },
  {
    "traditional_authority_id": 336,
    "name": "TA Nthiramanja",
    "district_id": 27,
    "creator": 1,
    "date_created": "01/01/2024",
    "retired": "",
    "retired_by": "",
    "date_retired": "",
    "retire_reason": ""
  },
  {
    "traditional_authority_id": 337,
    "name": "TA Nkanda",
    "district_id": 27,
    "creator": 1,
    "date_created": "01/01/2024",
    "retired": "",
    "retired_by": "",
    "date_retired": "",
    "retire_reason": ""
  },
  {
    "traditional_authority_id": 338,
    "name": "SC Juma",
    "district_id": 27,
    "creator": 1,
    "date_created": "01/01/2024",
    "retired": "",
    "retired_by": "",
    "date_retired": "",
    "retire_reason": ""
  },
  {
    "traditional_authority_id": 339,
    "name": "Mulanje Mountain Reserve",
    "district_id": 27,
    "creator": 1,
    "date_created": "01/01/2024",
    "retired": "",
    "retired_by": "",
    "date_retired": "",
    "retire_reason": ""
  },
  {
    "traditional_authority_id": 340,
    "name": "Mulanje Boma",
    "district_id": 27,
    "creator": 1,
    "date_created": "01/01/2024",
    "retired": "",
    "retired_by": "",
    "date_retired": "",
    "retire_reason": ""
  },
  {
    "traditional_authority_id": 341,
    "name": "TA Mkhumba",
    "district_id": 28,
    "creator": 1,
    "date_created": "01/01/2024",
    "retired": "",
    "retired_by": "",
    "date_retired": "",
    "retire_reason": ""
  },
  {
    "traditional_authority_id": 342,
    "name": "TA Nazombe",
    "district_id": 28,
    "creator": 1,
    "date_created": "01/01/2024",
    "retired": "",
    "retired_by": "",
    "date_retired": "",
    "retire_reason": ""
  },
  {
    "traditional_authority_id": 343,
    "name": "Phalombe Boma",
    "district_id": 28,
    "creator": 1,
    "date_created": "01/01/2024",
    "retired": "",
    "retired_by": "",
    "date_retired": "",
    "retire_reason": ""
  },
  {
    "traditional_authority_id": 344,
    "name": "Lake Chilwa",
    "district_id": 28,
    "creator": 1,
    "date_created": "01/01/2024",
    "retired": "",
    "retired_by": "",
    "date_retired": "",
    "retire_reason": ""
  },
  {
    "traditional_authority_id": 345,
    "name": "TA Ngabu",
    "district_id": 29,
    "creator": 1,
    "date_created": "01/01/2024",
    "retired": "",
    "retired_by": "",
    "date_retired": "",
    "retire_reason": ""
  },
  {
    "traditional_authority_id": 346,
    "name": "TA Lundu",
    "district_id": 29,
    "creator": 1,
    "date_created": "01/01/2024",
    "retired": "",
    "retired_by": "",
    "date_retired": "",
    "retire_reason": ""
  },
  {
    "traditional_authority_id": 347,
    "name": "TA Chapananga",
    "district_id": 29,
    "creator": 1,
    "date_created": "01/01/2024",
    "retired": "",
    "retired_by": "",
    "date_retired": "",
    "retire_reason": ""
  },
  {
    "traditional_authority_id": 348,
    "name": "TA Maseya",
    "district_id": 29,
    "creator": 1,
    "date_created": "01/01/2024",
    "retired": "",
    "retired_by": "",
    "date_retired": "",
    "retire_reason": ""
  },
  {
    "traditional_authority_id": 349,
    "name": "TA Katunga",
    "district_id": 29,
    "creator": 1,
    "date_created": "01/01/2024",
    "retired": "",
    "retired_by": "",
    "date_retired": "",
    "retire_reason": ""
  },
  {
    "traditional_authority_id": 350,
    "name": "TA Kasisi",
    "district_id": 29,
    "creator": 1,
    "date_created": "01/01/2024",
    "retired": "",
    "retired_by": "",
    "date_retired": "",
    "retire_reason": ""
  },
  {
    "traditional_authority_id": 351,
    "name": "TA Makhwira",
    "district_id": 29,
    "creator": 1,
    "date_created": "01/01/2024",
    "retired": "",
    "retired_by": "",
    "date_retired": "",
    "retire_reason": ""
  },
  {
    "traditional_authority_id": 352,
    "name": "Lengwe National Park",
    "district_id": 29,
    "creator": 1,
    "date_created": "01/01/2024",
    "retired": "",
    "retired_by": "",
    "date_retired": "",
    "retire_reason": ""
  },
  {
    "traditional_authority_id": 353,
    "name": "Majete Game Reserve",
    "district_id": 29,
    "creator": 1,
    "date_created": "01/01/2024",
    "retired": "",
    "retired_by": "",
    "date_retired": "",
    "retire_reason": ""
  },
  {
    "traditional_authority_id": 354,
    "name": "Chikwawa Boma",
    "district_id": 29,
    "creator": 1,
    "date_created": "01/01/2024",
    "retired": "",
    "retired_by": "",
    "date_retired": "",
    "retire_reason": ""
  },
  {
    "traditional_authority_id": 355,
    "name": "Ngabu Urban",
    "district_id": 29,
    "creator": 1,
    "date_created": "01/01/2024",
    "retired": "",
    "retired_by": "",
    "date_retired": "",
    "retire_reason": ""
  },
  {
    "traditional_authority_id": 356,
    "name": "TA Ndamera",
    "district_id": 30,
    "creator": 1,
    "date_created": "01/01/2024",
    "retired": "",
    "retired_by": "",
    "date_retired": "",
    "retire_reason": ""
  },
  {
    "traditional_authority_id": 357,
    "name": "TA Chimombo",
    "district_id": 30,
    "creator": 1,
    "date_created": "01/01/2024",
    "retired": "",
    "retired_by": "",
    "date_retired": "",
    "retire_reason": ""
  },
  {
    "traditional_authority_id": 358,
    "name": "TA Nyachikadza",
    "district_id": 30,
    "creator": 1,
    "date_created": "01/01/2024",
    "retired": "",
    "retired_by": "",
    "date_retired": "",
    "retire_reason": ""
  },
  {
    "traditional_authority_id": 359,
    "name": "TA Mlolo",
    "district_id": 30,
    "creator": 1,
    "date_created": "01/01/2024",
    "retired": "",
    "retired_by": "",
    "date_retired": "",
    "retire_reason": ""
  },
  {
    "traditional_authority_id": 360,
    "name": "TA Tengani",
    "district_id": 30,
    "creator": 1,
    "date_created": "01/01/2024",
    "retired": "",
    "retired_by": "",
    "date_retired": "",
    "retire_reason": ""
  },
  {
    "traditional_authority_id": 361,
    "name": "SC Mbenje",
    "district_id": 30,
    "creator": 1,
    "date_created": "01/01/2024",
    "retired": "",
    "retired_by": "",
    "date_retired": "",
    "retire_reason": ""
  },
  {
    "traditional_authority_id": 362,
    "name": "TA Malemia",
    "district_id": 30,
    "creator": 1,
    "date_created": "01/01/2024",
    "retired": "",
    "retired_by": "",
    "date_retired": "",
    "retire_reason": ""
  },
  {
    "traditional_authority_id": 363,
    "name": "TA Ngabu",
    "district_id": 30,
    "creator": 1,
    "date_created": "01/01/2024",
    "retired": "",
    "retired_by": "",
    "date_retired": "",
    "retire_reason": ""
  },
  {
    "traditional_authority_id": 364,
    "name": "SC Makoka",
    "district_id": 30,
    "creator": 1,
    "date_created": "01/01/2024",
    "retired": "",
    "retired_by": "",
    "date_retired": "",
    "retire_reason": ""
  },
  {
    "traditional_authority_id": 365,
    "name": "Mwabvi Game Reserve",
    "district_id": 30,
    "creator": 1,
    "date_created": "01/01/2024",
    "retired": "",
    "retired_by": "",
    "date_retired": "",
    "retire_reason": ""
  },
  {
    "traditional_authority_id": 366,
    "name": "Nsanje Boma",
    "district_id": 30,
    "creator": 1,
    "date_created": "01/01/2024",
    "retired": "",
    "retired_by": "",
    "date_retired": "",
    "retire_reason": ""
  },
  {
    "traditional_authority_id": 367,
    "name": "TA Nsamala",
    "district_id": 31,
    "creator": 1,
    "date_created": "01/01/2024",
    "retired": "",
    "retired_by": "",
    "date_retired": "",
    "retire_reason": ""
  },
  {
    "traditional_authority_id": 368,
    "name": "TA Kalembo",
    "district_id": 31,
    "creator": 1,
    "date_created": "01/01/2024",
    "retired": "",
    "retired_by": "",
    "date_retired": "",
    "retire_reason": ""
  },
  {
    "traditional_authority_id": 369,
    "name": "Balaka Town",
    "district_id": 31,
    "creator": 1,
    "date_created": "01/01/2024",
    "retired": "",
    "retired_by": "",
    "date_retired": "",
    "retire_reason": ""
  },
  {
    "traditional_authority_id": 370,
    "name": "Lunzu TPA",
    "district_id": 23,
    "creator": 1,
    "date_created": "01/01/2024",
    "retired": "",
    "retired_by": "",
    "date_retired": "",
    "retire_reason": ""
  },
  {
    "traditional_authority_id": 371,
    "name": "Nkula TPA",
    "district_id": 23,
    "creator": 1,
    "date_created": "01/01/2024",
    "retired": "",
    "retired_by": "",
    "date_retired": "",
    "retire_reason": ""
  },
  {
    "traditional_authority_id": 372,
    "name": "Khwethemule",
    "district_id": 26,
    "creator": 1,
    "date_created": "01/01/2024",
    "retired": "",
    "retired_by": "",
    "date_retired": "",
    "retire_reason": ""
  },
  {
    "traditional_authority_id": 373,
    "name": "Neno Boma",
    "district_id": 32,
    "creator": 1,
    "date_created": "01/01/2024",
    "retired": "",
    "retired_by": "",
    "date_retired": "",
    "retire_reason": ""
  },
  {
    "traditional_authority_id": 374,
    "name": "Masumbankhunda",
    "district_id": 13,
    "creator": 1,
    "date_created": "01/01/2024",
    "retired": "",
    "retired_by": "",
    "date_retired": "",
    "retire_reason": ""
  },
  {
    "traditional_authority_id": 375,
    "name": "Masula",
    "district_id": 13,
    "creator": 1,
    "date_created": "01/01/2024",
    "retired": "",
    "retired_by": "",
    "date_retired": "",
    "retire_reason": ""
  }
]